"Kod";"Nazwa";"wypadki ogółem;1999;[szt.]";"wypadki ogółem;2000;[szt.]";"wypadki ogółem;2001;[szt.]";"wypadki ogółem;2002;[szt.]";"wypadki ogółem;2003;[szt.]";"wypadki ogółem;2004;[szt.]";"wypadki ogółem;2005;[szt.]";"wypadki ogółem;2006;[szt.]";"wypadki ogółem;2007;[szt.]";"wypadki ogółem;2008;[szt.]";"wypadki ogółem;2009;[szt.]";"wypadki ogółem;2010;[szt.]";"wypadki ogółem;2011;[szt.]";"wypadki ogółem;2012;[szt.]";"wypadki ogółem;2013;[szt.]";"wypadki ogółem;2014;[szt.]";"wypadki ogółem;2015;[szt.]";"wypadki ogółem;2016;[szt.]";"wypadki ogółem;2017;[szt.]";"wypadki ogółem;2018;[szt.]";"wypadki ogółem;2019;[szt.]";"wypadki ogółem;2020;[szt.]";"wypadki ogółem;2021;[szt.]";"wypadki ogółem;2022;[szt.]";"wypadki ogółem;2023;[szt.]";"ofiary śmiertelne;1999;[osoba]";"ofiary śmiertelne;2000;[osoba]";"ofiary śmiertelne;2001;[osoba]";"ofiary śmiertelne;2002;[osoba]";"ofiary śmiertelne;2003;[osoba]";"ofiary śmiertelne;2004;[osoba]";"ofiary śmiertelne;2005;[osoba]";"ofiary śmiertelne;2006;[osoba]";"ofiary śmiertelne;2007;[osoba]";"ofiary śmiertelne;2008;[osoba]";"ofiary śmiertelne;2009;[osoba]";"ofiary śmiertelne;2010;[osoba]";"ofiary śmiertelne;2011;[osoba]";"ofiary śmiertelne;2012;[osoba]";"ofiary śmiertelne;2013;[osoba]";"ofiary śmiertelne;2014;[osoba]";"ofiary śmiertelne;2015;[osoba]";"ofiary śmiertelne;2016;[osoba]";"ofiary śmiertelne;2017;[osoba]";"ofiary śmiertelne;2018;[osoba]";"ofiary śmiertelne;2019;[osoba]";"ofiary śmiertelne;2020;[osoba]";"ofiary śmiertelne;2021;[osoba]";"ofiary śmiertelne;2022;[osoba]";"ofiary śmiertelne;2023;[osoba]";"ranni;1999;[osoba]";"ranni;2000;[osoba]";"ranni;2001;[osoba]";"ranni;2002;[osoba]";"ranni;2003;[osoba]";"ranni;2004;[osoba]";"ranni;2005;[osoba]";"ranni;2006;[osoba]";"ranni;2007;[osoba]";"ranni;2008;[osoba]";"ranni;2009;[osoba]";"ranni;2010;[osoba]";"ranni;2011;[osoba]";"ranni;2012;[osoba]";"ranni;2013;[osoba]";"ranni;2014;[osoba]";"ranni;2015;[osoba]";"ranni;2016;[osoba]";"ranni;2017;[osoba]";"ranni;2018;[osoba]";"ranni;2019;[osoba]";"ranni;2020;[osoba]";"ranni;2021;[osoba]";"ranni;2022;[osoba]";"ranni;2023;[osoba]";
0000000;"POLSKA";;57331;53799;53559;51078;51069;48100;46876;49536;49054;44196;38832;40131;37062;35847;34970;32967;33664;32760;31674;30288;23540;22816;21322;;6730;6294;5536;5827;5640;5712;5444;5243;5583;5437;4572;3907;4195;3577;3357;3202;2938;3026;2831;2862;2909;2491;2245;1896;;68499;71638;68205;67498;63900;64661;61191;59123;63224;62097;56046;48952;49617;45792;44059;42545;39778;40766;39466;37359;35477;26463;26415;24743;;
0200000;"DOLNOŚLĄSKIE";;3785;3552;3242;2960;2987;3149;3030;3115;3003;2668;2294;2973;3221;2586;2466;2280;2324;2183;2148;1929;1578;1730;1869;;466;454;377;393;374;371;364;344;359;363;294;241;259;239;223;242;185;226;219;203;215;165;179;138;;4393;4735;4396;3974;3544;3686;4089;3958;4336;4111;3646;3098;3980;4271;3385;3154;2968;2907;2749;2674;2275;1794;2018;2201;;
0201000;"Powiat bolesławiecki";;;;;;;;;;;;;49;70;67;70;79;84;52;63;53;55;33;35;;;;;;;;;;;;;;10;8;11;11;5;11;11;7;19;10;5;4;;;;;;;;;;;;;;60;84;90;92;110;101;65;76;59;55;33;36;;
0202000;"Powiat dzierżoniowski";;;;;;;;;;;;;68;57;64;54;53;56;38;47;50;34;39;40;;;;;;;;;;;;;;20;8;5;7;7;9;10;7;7;7;10;7;;;;;;;;;;;;;;75;71;66;66;54;58;36;45;50;33;36;42;;
0203000;"Powiat głogowski";;;;;;;;;;;;;50;64;65;58;54;53;47;44;37;35;26;51;;;;;;;;;;;;;;4;7;4;6;0;9;5;5;3;4;3;5;;;;;;;;;;;;;;56;74;77;83;111;76;73;64;48;41;29;53;;
0204000;"Powiat górowski";;;;;;;;;;;;;14;38;51;41;36;39;43;39;35;16;23;19;;;;;;;;;;;;;;2;4;5;1;2;3;5;0;0;3;1;1;;;;;;;;;;;;;;17;47;69;50;47;55;60;60;39;21;32;22;;
0205000;"Powiat jaworski";;;;;;;;;;;;;41;58;58;63;52;53;44;39;26;14;31;24;;;;;;;;;;;;;;3;2;7;4;5;7;8;4;4;0;9;3;;;;;;;;;;;;;;69;92;72;92;65;71;58;68;43;26;46;29;;
0206000;"Powiat karkonoski";;;;;;;;;;;;;29;43;35;41;30;35;24;31;38;26;22;16;;;;;;;;;;;;;;1;2;1;7;3;9;5;4;6;1;1;4;;;;;;;;;;;;;;46;64;64;46;46;34;20;33;42;29;28;16;;
0207000;"Powiat kamiennogórski";;;;;;;;;;;;;32;35;36;34;35;31;22;23;15;10;12;5;;;;;;;;;;;;;;3;9;5;9;6;5;2;3;2;2;1;1;;;;;;;;;;;;;;40;35;35;39;34;29;27;23;17;9;12;6;;
0208000;"Powiat kłodzki";;;;;;;;;;;;;110;145;163;144;125;147;115;145;110;96;104;100;;;;;;;;;;;;;;17;9;17;17;10;23;13;18;11;14;14;11;;;;;;;;;;;;;;131;193;237;179;160;177;157;227;145;120;127;146;;
0209000;"Powiat legnicki";;;;;;;;;;;;;49;55;63;57;55;45;51;39;38;33;49;37;;;;;;;;;;;;;;9;7;5;4;5;7;6;6;6;3;9;5;;;;;;;;;;;;;;82;86;109;108;83;74;74;43;46;36;57;42;;
0210000;"Powiat lubański";;;;;;;;;;;;;32;22;22;36;27;22;23;19;28;18;20;24;;;;;;;;;;;;;;5;1;3;10;4;3;7;2;2;2;8;3;;;;;;;;;;;;;;44;24;29;39;35;24;21;19;29;19;18;21;;
0211000;"Powiat lubiński";;;;;;;;;;;;;76;71;70;60;66;62;59;71;53;48;39;53;;;;;;;;;;;;;;16;5;11;12;10;8;6;15;11;4;8;4;;;;;;;;;;;;;;92;140;89;70;84;89;77;93;71;60;48;63;;
0212000;"Powiat lwówecki";;;;;;;;;;;;;19;28;28;22;26;25;17;17;19;19;15;14;;;;;;;;;;;;;;3;2;5;3;2;5;4;5;4;2;3;3;;;;;;;;;;;;;;22;29;29;30;26;29;17;17;19;19;15;16;;
0213000;"Powiat milicki";;;;;;;;;;;;;29;32;34;35;35;35;30;27;24;24;24;21;;;;;;;;;;;;;;1;3;3;1;1;4;2;3;5;3;1;3;;;;;;;;;;;;;;47;42;37;58;50;41;35;38;41;31;30;25;;
0214000;"Powiat oleśnicki";;;;;;;;;;;;;97;86;67;50;62;50;48;36;45;39;37;25;;;;;;;;;;;;;;16;9;10;15;16;10;7;3;8;10;11;3;;;;;;;;;;;;;;123;123;91;52;65;54;60;46;45;32;36;31;;
0215000;"Powiat oławski";;;;;;;;;;;;;58;59;43;50;46;50;59;63;52;44;33;39;;;;;;;;;;;;;;9;8;4;5;7;7;4;8;4;7;6;2;;;;;;;;;;;;;;62;72;55;54;58;66;77;68;54;46;33;54;;
0216000;"Powiat polkowicki";;;;;;;;;;;;;45;38;24;29;31;49;48;33;35;32;24;20;;;;;;;;;;;;;;10;9;5;12;6;3;1;6;6;8;8;1;;;;;;;;;;;;;;58;42;26;35;29;66;62;56;41;39;27;22;;
0217000;"Powiat strzeliński";;;;;;;;;;;;;40;51;39;37;38;34;37;40;35;29;32;28;;;;;;;;;;;;;;8;4;4;6;4;2;4;3;5;5;7;3;;;;;;;;;;;;;;56;72;54;49;56;39;54;51;41;34;42;40;;
0218000;"Powiat średzki";;;;;;;;;;;;;37;50;48;50;53;53;49;55;47;45;48;37;;;;;;;;;;;;;;7;13;7;10;7;10;11;14;8;7;3;8;;;;;;;;;;;;;;60;75;76;65;81;82;59;69;62;50;65;55;;
0219000;"Powiat świdnicki";;;;;;;;;;;;;154;196;187;150;162;143;137;130;123;113;113;101;;;;;;;;;;;;;;14;18;14;13;11;14;24;11;11;12;6;8;;;;;;;;;;;;;;233;246;254;193;188;185;174;153;151;129;138;122;;
0220000;"Powiat trzebnicki";;;;;;;;;;;;;72;71;73;78;69;65;64;53;50;44;30;22;;;;;;;;;;;;;;11;12;14;11;15;12;12;11;2;6;8;4;;;;;;;;;;;;;;100;121;103;124;128;89;77;65;58;51;41;29;;
0221000;"Powiat wałbrzyski";;;;;;;;;;;;;231;236;79;76;77;68;79;56;36;35;35;28;;;;;;;;;;;;;;5;8;2;5;5;2;1;1;3;1;5;1;;;;;;;;;;;;;;294;303;108;104;117;91;110;71;55;44;45;39;;
0222000;"Powiat wołowski";;;;;;;;;;;;;44;42;53;35;24;20;17;24;20;12;16;15;;;;;;;;;;;;;;8;4;5;7;2;3;2;5;9;2;2;1;;;;;;;;;;;;;;52;56;70;45;31;22;23;29;21;12;16;19;;
0223000;"Powiat wrocławski";;;;;;;;;;;;;265;244;179;204;190;194;204;179;174;146;221;224;;;;;;;;;;;;;;22;16;22;18;14;15;10;17;26;16;15;11;;;;;;;;;;;;;;431;404;239;278;258;267;317;233;231;173;280;279;;
0224000;"Powiat ząbkowicki";;;;;;;;;;;;;59;97;79;73;80;80;78;79;81;56;41;42;;;;;;;;;;;;;;9;18;7;6;2;6;6;4;5;4;6;6;;;;;;;;;;;;;;77;114;95;99;114;105;107;107;109;83;61;68;;
0225000;"Powiat zgorzelecki";;;;;;;;;;;;;29;56;41;38;41;31;48;38;54;47;45;41;;;;;;;;;;;;;;7;7;7;8;15;4;14;11;14;14;13;11;;;;;;;;;;;;;;33;71;46;40;48;34;45;39;54;49;45;39;;
0226000;"Powiat złotoryjski";;;;;;;;;;;;;17;26;30;13;10;24;17;13;20;13;15;8;;;;;;;;;;;;;;3;5;3;2;2;5;5;1;6;1;1;0;;;;;;;;;;;;;;16;37;31;15;11;27;19;13;19;13;14;9;;
0261000;"Powiat m. Jelenia Góra";;;;;;;;;;;;;45;47;35;38;32;36;25;21;27;19;14;18;;;;;;;;;;;;;;4;4;7;2;2;8;2;5;4;0;1;5;;;;;;;;;;;;;;44;58;32;48;31;34;24;19;26;20;20;14;;
0262000;"Powiat m. Legnica";;;;;;;;;;;;;64;87;75;59;58;43;44;39;34;35;28;38;;;;;;;;;;;;;;0;2;4;2;6;0;2;0;5;2;2;2;;;;;;;;;;;;;;87;119;95;72;66;52;46;42;35;38;28;39;;
0264000;"Powiat m. Wrocław";;;;;;;;;;;;;1118;1117;660;646;554;579;565;598;508;401;503;692;;;;;;;;;;;;;;32;35;23;24;9;19;26;21;16;14;10;18;;;;;;;;;;;;;;1473;1377;852;767;675;675;650;696;551;425;549;766;;
0265000;"Powiat m. Wałbrzych od 2013";;;;;;;;;;;;;;;118;125;80;118;99;87;62;40;58;52;;;;;;;;;;;;;;;;3;4;2;3;4;3;3;1;2;0;;;;;;;;;;;;;;;;155;162;107;161;125;111;73;57;67;59;;
0400000;"KUJAWSKO-POMORSKIE";;2862;2665;2626;2495;2396;2157;2051;2038;1908;1646;1490;1336;1318;1182;1044;1008;1018;949;970;940;827;797;770;;344;321;311;320;290;299;325;347;364;311;231;228;233;222;179;179;153;178;151;171;211;134;122;103;;3046;3600;3349;3343;3123;3016;2757;2560;2564;2343;1943;1799;1465;1484;1365;1112;1135;1101;1080;1031;974;859;866;857;;
0401000;"Powiat aleksandrowski";;;;;;;;;;;;;38;39;33;40;31;34;19;32;18;16;22;17;;;;;;;;;;;;;;13;9;10;4;4;6;0;13;2;3;4;5;;;;;;;;;;;;;;37;33;31;43;37;31;21;50;28;17;22;15;;
0402000;"Powiat brodnicki";;;;;;;;;;;;;74;49;48;43;41;53;36;39;38;52;33;29;;;;;;;;;;;;;;6;7;14;12;6;6;10;9;9;7;5;7;;;;;;;;;;;;;;88;56;57;39;39;54;34;35;36;59;31;28;;
0403000;"Powiat bydgoski";;;;;;;;;;;;;115;110;119;59;85;77;58;78;85;57;59;53;;;;;;;;;;;;;;19;18;15;11;15;10;15;11;19;6;15;7;;;;;;;;;;;;;;138;145;156;70;131;93;87;98;97;62;67;67;;
0404000;"Powiat chełmiński";;;;;;;;;;;;;34;35;36;30;24;23;21;19;8;5;7;6;;;;;;;;;;;;;;7;6;2;13;6;6;3;7;7;3;3;3;;;;;;;;;;;;;;40;38;48;29;25;23;26;18;8;5;5;7;;
0405000;"Powiat golubsko-dobrzyński";;;;;;;;;;;;;37;28;28;9;19;26;26;13;38;28;36;32;;;;;;;;;;;;;;3;7;9;0;2;8;5;3;10;4;7;4;;;;;;;;;;;;;;42;23;30;14;20;24;27;18;47;38;46;38;;
0406000;"Powiat grudziądzki";;;;;;;;;;;;;21;33;18;28;39;29;29;26;17;13;17;12;;;;;;;;;;;;;;5;6;4;5;13;11;3;5;7;0;2;1;;;;;;;;;;;;;;26;33;16;28;45;30;34;31;10;14;20;12;;
0407000;"Powiat inowrocławski";;;;;;;;;;;;;76;98;70;70;62;46;62;62;61;69;85;114;;;;;;;;;;;;;;17;25;7;12;9;10;9;15;14;10;7;5;;;;;;;;;;;;;;80;101;93;69;66;49;66;59;64;68;103;142;;
0408000;"Powiat lipnowski";;;;;;;;;;;;;60;40;28;29;17;21;47;51;40;36;30;29;;;;;;;;;;;;;;16;8;7;6;3;12;9;11;11;6;5;4;;;;;;;;;;;;;;69;43;31;28;15;21;46;46;35;36;26;27;;
0409000;"Powiat mogileński";;;;;;;;;;;;;19;54;30;38;19;28;20;17;43;34;31;28;;;;;;;;;;;;;;5;5;5;12;4;3;1;5;19;6;3;3;;;;;;;;;;;;;;18;60;35;47;18;29;23;18;39;33;38;30;;
0410000;"Powiat nakielski";;;;;;;;;;;;;45;51;57;48;59;70;76;50;52;48;36;47;;;;;;;;;;;;;;18;7;12;8;5;15;10;9;7;12;3;8;;;;;;;;;;;;;;60;69;62;60;69;83;102;55;66;67;53;66;;
0411000;"Powiat radziejowski";;;;;;;;;;;;;17;12;20;15;7;15;18;17;11;9;13;8;;;;;;;;;;;;;;6;7;4;6;2;5;9;5;5;2;4;0;;;;;;;;;;;;;;19;13;18;11;6;15;21;18;8;9;9;8;;
0412000;"Powiat rypiński";;;;;;;;;;;;;28;22;23;16;20;23;26;17;17;13;10;12;;;;;;;;;;;;;;7;3;5;4;2;0;2;0;8;5;5;3;;;;;;;;;;;;;;30;26;20;15;23;38;28;19;16;9;6;12;;
0413000;"Powiat sępoleński";;;;;;;;;;;;;34;22;27;22;21;17;19;21;17;10;7;13;;;;;;;;;;;;;;5;3;3;4;7;1;4;4;3;2;2;2;;;;;;;;;;;;;;38;32;30;23;25;18;22;22;15;11;7;15;;
0414000;"Powiat świecki";;;;;;;;;;;;;85;54;78;37;42;35;46;44;49;38;43;34;;;;;;;;;;;;;;19;9;18;8;10;16;11;17;19;12;9;13;;;;;;;;;;;;;;85;72;91;42;55;43;63;43;47;38;49;41;;
0415000;"Powiat toruński";;;;;;;;;;;;;90;91;46;39;52;36;49;34;45;40;34;28;;;;;;;;;;;;;;27;30;10;17;14;12;15;12;18;15;16;9;;;;;;;;;;;;;;88;96;47;36;55;35;52;32;45;36;35;28;;
0416000;"Powiat tucholski";;;;;;;;;;;;;15;25;14;19;18;17;15;15;25;14;18;16;;;;;;;;;;;;;;6;13;3;8;6;4;2;0;6;1;4;3;;;;;;;;;;;;;;14;24;11;16;16;14;15;17;36;17;21;16;;
0417000;"Powiat wąbrzeski";;;;;;;;;;;;;25;20;19;15;21;14;11;14;10;16;14;20;;;;;;;;;;;;;;3;3;6;2;5;2;2;2;0;1;3;1;;;;;;;;;;;;;;30;28;17;13;18;12;10;15;10;16;12;21;;
0418000;"Powiat włocławski";;;;;;;;;;;;;83;63;74;84;68;70;77;73;69;45;47;42;;;;;;;;;;;;;;20;23;14;13;17;15;12;15;19;9;10;5;;;;;;;;;;;;;;80;54;89;93;69;70;78;71;62;40;41;41;;
0419000;"Powiat żniński";;;;;;;;;;;;;41;42;32;51;38;44;44;37;42;37;37;28;;;;;;;;;;;;;;6;10;7;10;7;6;4;3;7;5;3;5;;;;;;;;;;;;;;41;55;35;50;38;46;47;40;51;41;37;26;;
0461000;"Powiat m. Bydgoszcz";;;;;;;;;;;;;243;264;257;209;199;179;134;171;159;139;123;123;;;;;;;;;;;;;;12;9;13;6;9;11;16;8;14;10;2;11;;;;;;;;;;;;;;288;321;319;252;231;219;155;186;161;143;146;141;;
0462000;"Powiat m. Grudziądz";;;;;;;;;;;;;33;30;34;29;35;41;34;47;24;19;17;15;;;;;;;;;;;;;;3;1;1;3;0;2;3;2;1;3;1;0;;;;;;;;;;;;;;30;29;39;28;38;42;36;53;25;16;18;15;;
0463000;"Powiat m. Toruń";;;;;;;;;;;;;82;72;41;65;43;66;53;53;36;56;42;43;;;;;;;;;;;;;;6;6;5;9;7;12;5;10;3;9;7;2;;;;;;;;;;;;;;85;71;37;60;44;59;57;49;35;53;39;42;;
0464000;"Powiat m. Włocławek";;;;;;;;;;;;;41;64;50;49;48;54;29;40;36;33;36;21;;;;;;;;;;;;;;4;7;5;6;0;5;1;5;3;3;2;2;;;;;;;;;;;;;;39;62;53;46;52;53;30;38;33;31;35;19;;
0600000;"LUBELSKIE";;3538;2705;3043;2644;2586;2446;2211;2419;2358;2093;1820;1797;1625;1497;1408;1252;1262;1242;1216;1139;931;892;785;;393;411;358;354;336;358;322;341;351;372;318;256;252;243;250;195;188;178;157;179;170;156;135;121;;3673;4411;3459;3954;3372;3287;3160;2757;3051;2955;2674;2288;2250;1877;1795;1667;1436;1484;1432;1286;1233;947;966;815;;
0601000;"Powiat bialski";;;;;;;;;;;;;91;99;84;80;69;72;92;73;86;73;62;59;;;;;;;;;;;;;;16;22;19;21;16;13;17;15;13;14;7;11;;;;;;;;;;;;;;121;110;107;85;72;80;94;72;92;67;64;55;;
0602000;"Powiat biłgorajski";;;;;;;;;;;;;86;58;62;65;47;45;39;42;42;31;39;29;;;;;;;;;;;;;;15;10;9;6;7;13;4;11;10;6;3;10;;;;;;;;;;;;;;94;58;74;69;44;37;44;35;35;32;40;25;;
0603000;"Powiat chełmski";;;;;;;;;;;;;51;68;60;48;48;46;41;45;49;35;35;29;;;;;;;;;;;;;;14;13;26;7;15;14;12;9;9;5;12;7;;;;;;;;;;;;;;60;64;65;44;46;40;36;39;60;42;43;36;;
0604000;"Powiat hrubieszowski";;;;;;;;;;;;;42;39;31;41;18;30;19;25;19;12;15;19;;;;;;;;;;;;;;6;2;7;7;1;2;3;3;3;3;6;4;;;;;;;;;;;;;;61;55;28;45;20;43;26;26;21;11;12;19;;
0605000;"Powiat janowski";;;;;;;;;;;;;42;34;49;41;39;41;38;30;42;27;28;19;;;;;;;;;;;;;;4;7;11;6;10;5;7;5;4;4;1;0;;;;;;;;;;;;;;51;54;52;54;36;48;51;49;58;24;40;24;;
0606000;"Powiat krasnostawski";;;;;;;;;;;;;41;35;37;40;31;25;41;43;47;22;22;28;;;;;;;;;;;;;;6;14;2;12;4;6;8;6;6;7;5;5;;;;;;;;;;;;;;47;35;42;33;39;29;50;42;47;23;19;39;;
0607000;"Powiat kraśnicki";;;;;;;;;;;;;121;94;96;77;69;72;66;62;64;65;39;27;;;;;;;;;;;;;;11;9;14;7;9;6;12;10;7;14;4;5;;;;;;;;;;;;;;170;114;129;94;102;88;61;63;69;66;52;31;;
0608000;"Powiat lubartowski";;;;;;;;;;;;;71;65;64;46;46;41;42;40;33;41;38;23;;;;;;;;;;;;;;15;12;8;10;12;6;5;8;6;11;15;4;;;;;;;;;;;;;;81;73;82;56;46;52;54;43;36;47;34;27;;
0609000;"Powiat lubelski";;;;;;;;;;;;;169;134;140;129;89;109;120;111;114;80;94;73;;;;;;;;;;;;;;23;22;29;21;18;22;13;18;26;13;11;7;;;;;;;;;;;;;;214;151;163;151;102;136;168;118;133;94;110;78;;
0610000;"Powiat łęczyński";;;;;;;;;;;;;32;47;41;39;41;30;29;32;28;25;23;23;;;;;;;;;;;;;;8;7;5;16;9;5;6;6;3;5;4;2;;;;;;;;;;;;;;31;45;44;58;48;40;34;33;33;21;25;28;;
0611000;"Powiat łukowski";;;;;;;;;;;;;120;95;72;77;74;74;63;60;76;54;44;44;;;;;;;;;;;;;;15;25;23;9;8;13;11;14;13;14;9;11;;;;;;;;;;;;;;171;104;89;109;99;77;78;51;72;42;39;39;;
0612000;"Powiat opolski";;;;;;;;;;;;;38;26;41;45;39;38;33;32;24;17;17;20;;;;;;;;;;;;;;13;8;3;1;4;9;5;6;3;4;4;2;;;;;;;;;;;;;;43;22;48;59;51;43;32;34;29;17;14;24;;
0613000;"Powiat parczewski";;;;;;;;;;;;;21;27;28;12;22;13;15;21;16;12;17;14;;;;;;;;;;;;;;6;5;5;2;4;4;5;3;6;3;1;6;;;;;;;;;;;;;;30;25;26;14;22;13;14;19;11;15;18;11;;
0614000;"Powiat puławski";;;;;;;;;;;;;97;90;83;94;77;82;71;76;61;43;46;42;;;;;;;;;;;;;;22;9;21;9;8;11;7;10;4;9;7;6;;;;;;;;;;;;;;125;116;108;137;90;108;84;81;71;39;45;43;;
0615000;"Powiat radzyński";;;;;;;;;;;;;63;61;60;59;54;41;45;49;28;29;26;23;;;;;;;;;;;;;;11;9;9;10;9;5;6;13;10;6;8;7;;;;;;;;;;;;;;87;87;83;63;64;53;54;47;28;29;29;21;;
0616000;"Powiat rycki";;;;;;;;;;;;;72;71;58;52;59;66;48;50;60;40;38;25;;;;;;;;;;;;;;12;12;4;5;8;5;7;6;12;5;4;3;;;;;;;;;;;;;;87;90;73;72;71;93;50;61;73;45;41;25;;
0617000;"Powiat świdnicki";;;;;;;;;;;;;42;31;34;34;33;35;21;28;24;26;25;26;;;;;;;;;;;;;;11;4;5;5;3;7;4;6;6;3;6;3;;;;;;;;;;;;;;42;31;33;32;33;29;18;31;27;29;29;27;;
0618000;"Powiat tomaszowski";;;;;;;;;;;;;116;90;71;62;48;46;49;40;36;24;26;29;;;;;;;;;;;;;;6;10;9;3;10;3;6;7;4;7;5;8;;;;;;;;;;;;;;148;111;90;78;56;54;48;49;36;24;29;29;;
0619000;"Powiat włodawski";;;;;;;;;;;;;30;31;31;13;19;19;23;23;15;15;15;15;;;;;;;;;;;;;;3;2;9;4;4;3;2;3;2;5;3;3;;;;;;;;;;;;;;37;42;36;14;27;24;24;27;13;20;13;18;;
0620000;"Powiat zamojski";;;;;;;;;;;;;86;74;55;53;56;47;57;53;57;41;50;34;;;;;;;;;;;;;;8;13;13;13;12;12;7;6;14;7;11;7;;;;;;;;;;;;;;102;87;63;58;73;43;66;55;54;36;51;29;;
0661000;"Powiat m. Biała Podlaska";;;;;;;;;;;;;39;36;30;21;16;25;29;30;32;27;22;27;;;;;;;;;;;;;;1;1;1;2;1;2;0;0;1;0;1;1;;;;;;;;;;;;;;47;38;35;22;17;27;30;30;32;28;23;31;;
0662000;"Powiat m. Chełm";;;;;;;;;;;;;36;28;21;27;29;18;25;22;20;23;19;26;;;;;;;;;;;;;;6;1;4;2;1;2;3;0;0;0;0;3;;;;;;;;;;;;;;33;27;19;26;29;18;23;23;24;24;24;25;;
0663000;"Powiat m. Lublin";;;;;;;;;;;;;245;256;229;224;199;221;212;211;147;143;137;109;;;;;;;;;;;;;;18;25;12;16;15;7;6;13;7;10;8;5;;;;;;;;;;;;;;319;295;278;260;217;285;268;241;161;147;155;110;;
0664000;"Powiat m. Zamość";;;;;;;;;;;;;46;36;20;29;30;26;24;18;19;26;15;22;;;;;;;;;;;;;;2;1;2;1;0;3;1;1;1;1;0;1;;;;;;;;;;;;;;49;43;28;34;32;24;25;17;18;25;17;21;;
0800000;"LUBUSKIE";;950;801;799;788;847;860;835;908;906;992;845;823;803;747;717;639;684;682;663;660;607;540;499;;180;185;145;177;180;168;174;147;155;170;137;108;122;99;94;81;92;113;84;79;92;76;71;63;;1135;1186;1070;1083;1055;1209;1169;1125;1191;1236;1323;1113;1087;1086;1019;957;786;878;855;790;775;677;648;580;;
0801000;"Powiat gorzowski";;;;;;;;;;;;;73;60;63;52;29;43;44;39;44;36;34;37;;;;;;;;;;;;;;13;8;13;8;13;9;10;5;13;8;8;4;;;;;;;;;;;;;;103;87;102;83;40;64;73;56;51;39;41;50;;
0802000;"Powiat krośnieński";;;;;;;;;;;;;37;40;31;32;25;47;29;26;47;42;26;40;;;;;;;;;;;;;;13;6;5;3;2;3;8;6;9;5;5;6;;;;;;;;;;;;;;43;44;42;43;32;57;34;28;49;46;33;50;;
0803000;"Powiat międzyrzecki";;;;;;;;;;;;;62;65;49;62;48;59;59;57;55;50;50;50;;;;;;;;;;;;;;21;7;8;4;5;13;9;5;11;8;2;8;;;;;;;;;;;;;;82;98;66;101;63;69;82;71;74;60;81;64;;
0804000;"Powiat nowosolski";;;;;;;;;;;;;66;53;69;50;56;52;53;75;64;60;46;33;;;;;;;;;;;;;;10;9;11;5;10;6;5;6;6;4;6;4;;;;;;;;;;;;;;94;62;93;70;78;79;63;80;73;71;55;40;;
0805000;"Powiat słubicki";;;;;;;;;;;;;58;51;50;42;40;39;40;44;44;40;34;22;;;;;;;;;;;;;;2;7;11;8;6;5;8;7;7;8;11;6;;;;;;;;;;;;;;78;76;67;52;49;50;54;63;58;48;37;24;;
0806000;"Powiat strzelecko-drezdenecki";;;;;;;;;;;;;33;44;32;31;37;43;42;41;37;39;26;36;;;;;;;;;;;;;;3;6;2;4;6;3;2;6;4;9;3;1;;;;;;;;;;;;;;42;57;38;33;44;52;45;47;47;40;28;40;;
0807000;"Powiat sulęciński";;;;;;;;;;;;;56;49;39;44;37;34;30;29;31;30;22;17;;;;;;;;;;;;;;6;3;6;4;7;6;2;6;3;4;1;4;;;;;;;;;;;;;;67;83;45;47;41;46;39;32;39;34;30;16;;
0808000;"Powiat świebodziński";;;;;;;;;;;;;59;57;50;39;30;52;65;51;69;59;56;43;;;;;;;;;;;;;;21;7;6;6;2;13;11;6;10;3;6;7;;;;;;;;;;;;;;80;81;65;60;45;66;81;63;81;71;59;50;;
0809000;"Powiat zielonogórski";;;;;;;;;;;;;82;77;75;93;65;53;48;50;52;54;41;31;;;;;;;;;;;;;;12;21;9;16;10;18;5;8;8;6;6;4;;;;;;;;;;;;;;112;112;101;127;78;58;67;62;62;58;57;32;;
0810000;"Powiat żagański";;;;;;;;;;;;;61;52;51;54;43;49;52;60;35;48;48;39;;;;;;;;;;;;;;2;4;6;8;10;14;7;7;1;7;8;4;;;;;;;;;;;;;;93;65;76;65;47;66;50;67;38;60;53;39;;
0811000;"Powiat żarski";;;;;;;;;;;;;67;59;62;70;67;50;54;70;66;33;38;45;;;;;;;;;;;;;;9;11;6;5;6;3;8;11;11;3;7;4;;;;;;;;;;;;;;83;83;77;96;86;61;61;87;68;36;40;54;;
0812000;"Powiat wschowski";;;;;;;;;;;;;14;14;22;10;17;18;16;20;13;24;19;17;;;;;;;;;;;;;;5;4;3;2;2;6;1;3;1;3;1;2;;;;;;;;;;;;;;18;20;37;10;21;22;24;23;16;24;21;19;;
0861000;"Powiat m. Gorzów Wielkopolski";;;;;;;;;;;;;101;102;90;66;51;63;56;47;39;41;41;36;;;;;;;;;;;;;;3;5;8;4;4;8;3;1;4;5;2;3;;;;;;;;;;;;;;132;129;128;82;59;87;65;51;40;38;42;36;;
0862000;"Powiat m. Zielona Góra";;;;;;;;;;;;;54;80;64;72;94;82;94;54;64;51;59;53;;;;;;;;;;;;;;2;1;0;4;9;6;5;2;4;3;5;6;;;;;;;;;;;;;;60;89;82;88;103;101;117;60;79;52;71;66;;
1000000;"ŁÓDZKIE";;4712;4814;4631;4628;4826;4753;4554;4847;4773;4709;4157;4270;3905;3830;3986;3991;4222;3787;3759;3351;2436;2306;2209;;476;505;452;509;493;440;444;415;447;439;347;320;324;296;263;256;236;214;219;229;239;221;191;164;;4368;5582;5901;5543;5562;5844;5753;5623;6037;5953;5958;5226;5231;4845;4733;4807;4826;5298;4750;4600;4047;2763;2763;2633;;
1001000;"Powiat bełchatowski";;;;;;;;;;;;;187;169;166;209;159;191;158;171;146;94;84;69;;;;;;;;;;;;;;23;18;15;18;17;14;10;12;11;10;12;8;;;;;;;;;;;;;;243;231;216;256;215;265;204;233;186;98;94;78;;
1002000;"Powiat kutnowski";;;;;;;;;;;;;205;184;189;164;179;215;195;212;189;180;138;128;;;;;;;;;;;;;;16;14;8;9;7;11;15;18;11;21;10;11;;;;;;;;;;;;;;265;222;248;203;233;272;238;245;234;197;183;152;;
1003000;"Powiat łaski";;;;;;;;;;;;;89;70;69;82;60;51;31;47;42;33;35;27;;;;;;;;;;;;;;6;10;8;8;3;12;4;3;9;3;5;5;;;;;;;;;;;;;;103;88;90;100;73;56;35;49;45;41;35;29;;
1004000;"Powiat łęczycki";;;;;;;;;;;;;61;65;58;55;53;62;52;53;36;41;33;28;;;;;;;;;;;;;;14;11;13;9;7;4;5;5;8;5;3;5;;;;;;;;;;;;;;64;67;62;51;59;75;57;58;36;41;39;38;;
1005000;"Powiat łowicki";;;;;;;;;;;;;87;69;74;70;70;81;77;61;58;34;48;57;;;;;;;;;;;;;;16;12;9;11;14;10;8;10;10;5;15;8;;;;;;;;;;;;;;108;100;92;80;92;91;96;78;60;46;54;83;;
1006000;"Powiat łódzki wschodni";;;;;;;;;;;;;71;86;98;107;115;128;126;97;99;57;82;61;;;;;;;;;;;;;;5;11;8;14;13;7;14;12;6;9;17;3;;;;;;;;;;;;;;92;106;127;119;145;164;161;132;128;64;103;75;;
1007000;"Powiat opoczyński";;;;;;;;;;;;;93;88;89;73;74;79;74;86;81;68;51;44;;;;;;;;;;;;;;11;7;11;6;5;8;11;12;11;8;7;4;;;;;;;;;;;;;;103;117;113;83;105;100;101;113;99;77;59;52;;
1008000;"Powiat pabianicki";;;;;;;;;;;;;144;125;124;134;122;145;112;75;56;57;55;56;;;;;;;;;;;;;;16;14;7;9;9;14;4;6;8;12;4;8;;;;;;;;;;;;;;142;125;139;146;138;161;132;80;60;54;57;57;;
1009000;"Powiat pajęczański";;;;;;;;;;;;;41;45;35;39;52;61;51;53;48;38;35;21;;;;;;;;;;;;;;7;4;6;5;10;5;6;6;4;7;5;4;;;;;;;;;;;;;;41;60;38;46;55;77;66;57;60;40;44;26;;
1010000;"Powiat piotrkowski";;;;;;;;;;;;;138;108;96;104;135;221;194;186;192;131;120;88;;;;;;;;;;;;;;24;16;24;13;22;24;18;24;26;23;15;16;;;;;;;;;;;;;;175;148;117;144;179;310;289;276;272;169;162;111;;
1011000;"Powiat poddębicki";;;;;;;;;;;;;57;84;62;69;69;39;61;54;43;42;37;43;;;;;;;;;;;;;;6;11;3;9;7;2;15;7;6;2;3;5;;;;;;;;;;;;;;71;126;86;81;89;52;78;68;51;59;49;62;;
1012000;"Powiat radomszczański";;;;;;;;;;;;;272;219;232;241;240;272;204;214;131;99;90;94;;;;;;;;;;;;;;23;15;13;18;20;18;8;23;18;22;21;10;;;;;;;;;;;;;;343;260;283;290;284;355;285;264;202;124;125;128;;
1013000;"Powiat rawski";;;;;;;;;;;;;94;82;70;77;96;77;72;58;63;41;41;38;;;;;;;;;;;;;;13;6;7;7;7;2;4;9;9;7;7;3;;;;;;;;;;;;;;121;121;81;90;116;106;84;70;76;47;50;43;;
1014000;"Powiat sieradzki";;;;;;;;;;;;;81;85;86;94;79;70;68;65;63;53;50;48;;;;;;;;;;;;;;14;15;17;19;11;7;14;11;14;14;13;8;;;;;;;;;;;;;;96;105;104;115;94;74;81;69;59;44;55;55;;
1015000;"Powiat skierniewicki";;;;;;;;;;;;;51;58;65;76;72;78;48;52;58;38;28;37;;;;;;;;;;;;;;14;8;12;8;5;5;7;2;3;2;0;9;;;;;;;;;;;;;;82;66;75;100;83;110;58;66;80;52;40;37;;
1016000;"Powiat tomaszowski";;;;;;;;;;;;;208;155;108;109;196;201;175;227;224;171;158;115;;;;;;;;;;;;;;18;21;14;12;11;8;13;22;11;7;4;6;;;;;;;;;;;;;;266;199;150;124;238;240;204;267;261;195;182;135;;
1017000;"Powiat wieluński";;;;;;;;;;;;;51;50;45;55;41;37;35;35;36;30;28;44;;;;;;;;;;;;;;10;15;11;7;6;6;3;4;8;11;7;8;;;;;;;;;;;;;;54;51;39;65;39;42;32;35;34;21;27;41;;
1018000;"Powiat wieruszowski";;;;;;;;;;;;;42;42;36;39;42;40;33;21;23;17;16;18;;;;;;;;;;;;;;4;2;7;4;6;6;10;4;4;7;4;2;;;;;;;;;;;;;;57;63;45;49;58;45;32;31;25;17;21;20;;
1019000;"Powiat zduńskowolski";;;;;;;;;;;;;77;72;65;70;64;63;41;39;52;36;28;30;;;;;;;;;;;;;;7;13;8;3;3;5;3;5;7;3;4;2;;;;;;;;;;;;;;103;110;83;77;83;73;48;41;56;39;30;33;;
1020000;"Powiat zgierski";;;;;;;;;;;;;231;228;197;187;174;165;163;169;167;134;128;146;;;;;;;;;;;;;;23;28;19;17;17;15;15;8;19;16;13;20;;;;;;;;;;;;;;315;282;242;216;204;197;189;220;206;154;154;170;;
1021000;"Powiat brzeziński";;;;;;;;;;;;;47;50;54;49;59;55;41;45;33;32;27;25;;;;;;;;;;;;;;4;7;6;5;8;7;5;3;6;2;2;2;;;;;;;;;;;;;;57;69;66;55;59;70;68;58;40;36;31;36;;
1061000;"Powiat m. Łódź";;;;;;;;;;;;;1826;1668;1716;1791;1715;1714;1613;1570;1376;918;915;920;;;;;;;;;;;;;;38;33;31;42;19;17;22;18;23;23;15;12;;;;;;;;;;;;;;2195;2011;2125;2207;2046;2140;2009;1897;1592;1041;1079;1083;;
1062000;"Powiat m. Piotrków Trybunalski";;;;;;;;;;;;;90;84;73;67;92;142;119;123;100;63;50;54;;;;;;;;;;;;;;7;5;5;2;8;4;3;5;3;0;3;3;;;;;;;;;;;;;;108;95;83;83;103;188;156;144;145;73;62;70;;
1063000;"Powiat m. Skierniewice";;;;;;;;;;;;;27;19;23;25;33;35;44;46;35;29;29;18;;;;;;;;;;;;;;5;0;1;1;1;3;2;0;4;2;2;2;;;;;;;;;;;;;;27;23;29;27;36;35;47;49;40;34;28;19;;
1200000;"MAŁOPOLSKIE";;5427;5237;5286;4973;4882;4437;4440;4720;4677;4418;4003;4368;3903;3764;3936;3839;3939;3612;3404;3136;2265;2239;2226;;426;400;383;375;365;335;334;308;341;344;314;235;313;253;221;234;198;185;194;223;176;157;144;102;;7040;7051;6814;6820;6373;6355;5596;5692;6146;5973;5603;5046;5427;4777;4659;4805;4619;4764;4310;4003;3716;2563;2590;2615;;
1201000;"Powiat bocheński";;;;;;;;;;;;;96;110;90;128;124;132;105;110;74;84;73;65;;;;;;;;;;;;;;14;5;10;8;4;8;6;5;4;10;6;0;;;;;;;;;;;;;;119;148;129;158;144;163;129;139;95;95;100;75;;
1202000;"Powiat brzeski";;;;;;;;;;;;;184;177;150;144;131;166;127;118;111;77;53;73;;;;;;;;;;;;;;14;11;12;11;12;6;18;8;3;2;6;5;;;;;;;;;;;;;;223;233;219;195;171;205;153;140;138;90;61;95;;
1203000;"Powiat chrzanowski";;;;;;;;;;;;;132;117;142;170;159;150;122;94;100;63;41;49;;;;;;;;;;;;;;7;7;13;9;12;6;6;6;8;6;6;5;;;;;;;;;;;;;;156;156;186;208;181;181;153;111;121;78;39;52;;
1204000;"Powiat dąbrowski";;;;;;;;;;;;;68;79;87;75;68;64;59;59;28;38;37;31;;;;;;;;;;;;;;4;5;5;7;0;3;7;3;2;4;1;3;;;;;;;;;;;;;;89;107;98;85;82;85;65;69;29;43;47;40;;
1205000;"Powiat gorlicki";;;;;;;;;;;;;81;57;47;42;52;56;37;44;42;38;27;21;;;;;;;;;;;;;;4;13;2;10;4;9;3;6;5;10;3;4;;;;;;;;;;;;;;111;69;54;39;56;65;46;48;43;37;29;25;;
1206000;"Powiat krakowski";;;;;;;;;;;;;355;300;305;343;256;266;234;210;183;128;82;74;;;;;;;;;;;;;;34;30;22;18;10;16;15;24;21;19;10;13;;;;;;;;;;;;;;451;364;372;420;318;321;293;241;214;142;92;96;;
1207000;"Powiat limanowski";;;;;;;;;;;;;127;68;75;75;63;60;50;42;46;40;32;27;;;;;;;;;;;;;;12;5;5;13;10;6;7;8;3;8;6;3;;;;;;;;;;;;;;183;95;116;92;69;94;56;47;66;40;38;32;;
1208000;"Powiat miechowski";;;;;;;;;;;;;54;56;46;63;63;69;66;78;72;69;27;25;;;;;;;;;;;;;;3;7;7;5;9;11;10;12;10;9;6;1;;;;;;;;;;;;;;78;81;54;87;89;99;76;109;82;83;34;34;;
1209000;"Powiat myślenicki";;;;;;;;;;;;;255;218;180;228;212;232;233;203;230;147;135;144;;;;;;;;;;;;;;18;11;12;10;13;3;16;7;9;10;11;5;;;;;;;;;;;;;;358;264;243;324;269;313;294;249;303;167;160;174;;
1210000;"Powiat nowosądecki";;;;;;;;;;;;;306;234;265;285;281;290;245;283;281;218;229;208;;;;;;;;;;;;;;24;20;25;18;12;7;13;25;16;6;24;12;;;;;;;;;;;;;;387;314;345;381;396;392;341;356;385;280;302;254;;
1211000;"Powiat nowotarski";;;;;;;;;;;;;263;228;227;188;194;193;195;198;206;139;147;121;;;;;;;;;;;;;;19;12;17;13;18;15;15;20;17;9;10;4;;;;;;;;;;;;;;368;293;323;253;246;250;255;274;260;156;200;169;;
1212000;"Powiat olkuski";;;;;;;;;;;;;122;97;84;83;107;128;115;89;77;60;68;65;;;;;;;;;;;;;;12;13;5;10;3;9;9;8;8;4;5;2;;;;;;;;;;;;;;164;115;102;117;151;154;157;124;97;74;92;81;;
1213000;"Powiat oświęcimski";;;;;;;;;;;;;131;122;141;107;110;108;103;78;86;65;71;60;;;;;;;;;;;;;;22;11;10;14;14;5;11;4;9;5;4;5;;;;;;;;;;;;;;143;129;157;115;138;124;111;86;90;65;76;63;;
1214000;"Powiat proszowicki";;;;;;;;;;;;;68;62;50;57;60;61;66;72;53;33;19;20;;;;;;;;;;;;;;8;7;6;5;3;3;1;7;11;3;2;4;;;;;;;;;;;;;;77;91;60;77;86;79;91;96;61;38;24;27;;
1215000;"Powiat suski";;;;;;;;;;;;;79;46;50;45;47;59;51;40;49;19;25;24;;;;;;;;;;;;;;7;8;10;5;12;10;3;9;6;3;1;1;;;;;;;;;;;;;;110;65;56;46;46;59;53;42;51;27;27;31;;
1216000;"Powiat tarnowski";;;;;;;;;;;;;165;141;150;125;123;112;99;87;70;68;67;66;;;;;;;;;;;;;;26;22;10;19;16;24;10;13;9;11;6;14;;;;;;;;;;;;;;194;166;211;132;135;129;112;86;69;72;80;91;;
1217000;"Powiat tatrzański";;;;;;;;;;;;;125;118;123;111;129;126;142;115;112;74;75;74;;;;;;;;;;;;;;5;10;4;3;3;2;4;6;3;2;5;4;;;;;;;;;;;;;;151;150;163;132;172;171;170;147;136;89;84;91;;
1218000;"Powiat wadowicki";;;;;;;;;;;;;125;138;115;157;125;69;105;130;83;73;57;74;;;;;;;;;;;;;;18;16;9;15;10;9;9;11;6;5;9;8;;;;;;;;;;;;;;146;158;157;222;156;73;129;155;94;80;68;94;;
1219000;"Powiat wielicki";;;;;;;;;;;;;150;126;135;132;129;132;159;154;131;116;107;77;;;;;;;;;;;;;;13;10;18;18;9;10;8;10;7;8;9;3;;;;;;;;;;;;;;194;148;146;144;146;136;175;166;148;141;114;90;;
1261000;"Powiat m. Kraków";;;;;;;;;;;;;1229;1170;1082;1147;1157;1179;1035;969;886;567;745;778;;;;;;;;;;;;;;43;27;12;15;17;16;18;26;14;16;12;5;;;;;;;;;;;;;;1391;1339;1210;1293;1280;1320;1131;1045;967;611;779;821;;
1262000;"Powiat m. Nowy Sącz";;;;;;;;;;;;;161;157;160;155;183;208;201;186;170;113;97;108;;;;;;;;;;;;;;3;1;6;6;2;2;3;3;2;4;1;1;;;;;;;;;;;;;;221;197;191;193;215;271;257;222;219;120;118;132;;
1263000;"Powiat m. Tarnów";;;;;;;;;;;;;92;82;60;76;66;79;63;45;46;36;25;42;;;;;;;;;;;;;;3;2;1;2;5;5;2;2;3;3;1;0;;;;;;;;;;;;;;113;95;67;92;73;80;63;51;48;35;26;48;;
1400000;"MAZOWIECKIE";;7627;7224;7224;6805;6375;6452;6617;6881;6910;5763;5190;5128;4490;4579;4385;4006;4078;4048;4034;3802;2960;3086;2896;;1123;994;900;1015;905;967;885;849;956;920;786;655;714;587;562;518;487;508;464;448;469;420;375;289;;8595;9141;8887;8762;8245;7752;7985;8177;8485;8394;7082;6339;6160;5354;5511;5211;4747;4878;4754;4682;4391;3295;3561;3398;;
1401000;"Powiat białobrzeski";;;;;;;;;;;;;49;42;48;50;34;40;31;36;34;27;30;36;;;;;;;;;;;;;;3;7;8;5;7;8;1;2;6;4;4;1;;;;;;;;;;;;;;63;56;69;62;40;57;47;47;46;32;46;48;;
1402000;"Powiat ciechanowski";;;;;;;;;;;;;70;59;58;35;28;33;39;61;65;40;53;30;;;;;;;;;;;;;;24;13;22;10;10;13;8;12;9;9;12;5;;;;;;;;;;;;;;76;68;59;30;22;25;39;54;68;40;58;29;;
1403000;"Powiat garwoliński";;;;;;;;;;;;;130;101;106;104;86;115;127;114;128;89;73;74;;;;;;;;;;;;;;23;24;13;15;21;17;13;11;15;9;8;8;;;;;;;;;;;;;;160;133;135;137;155;149;181;153;154;104;93;102;;
1404000;"Powiat gostyniński";;;;;;;;;;;;;32;38;32;31;34;49;29;30;31;20;31;23;;;;;;;;;;;;;;9;9;7;5;1;4;6;5;7;5;4;2;;;;;;;;;;;;;;37;38;33;31;36;51;30;35;32;24;30;24;;
1405000;"Powiat grodziski";;;;;;;;;;;;;86;81;54;62;62;61;66;60;50;32;32;32;;;;;;;;;;;;;;5;4;5;4;7;6;6;6;5;5;6;4;;;;;;;;;;;;;;93;101;70;76;61;76;70;62;50;32;36;33;;
1406000;"Powiat grójecki";;;;;;;;;;;;;132;122;129;119;118;140;110;128;132;105;97;95;;;;;;;;;;;;;;32;18;19;13;23;25;12;14;11;19;7;8;;;;;;;;;;;;;;172;139;153;161;161;191;142;152;163;114;124;142;;
1407000;"Powiat kozienicki";;;;;;;;;;;;;89;88;82;79;71;75;76;110;88;68;66;67;;;;;;;;;;;;;;17;10;10;10;7;14;7;10;6;12;12;7;;;;;;;;;;;;;;119;111;105;86;73;75;107;141;102;73;65;81;;
1408000;"Powiat legionowski";;;;;;;;;;;;;109;89;69;53;48;30;45;41;36;39;50;33;;;;;;;;;;;;;;11;7;7;8;7;3;8;3;4;5;13;7;;;;;;;;;;;;;;129;108;89;54;59;37;55;49;38;43;52;33;;
1409000;"Powiat lipski";;;;;;;;;;;;;26;40;34;29;13;36;40;45;52;38;40;45;;;;;;;;;;;;;;9;11;5;7;2;7;11;3;7;7;7;6;;;;;;;;;;;;;;28;54;41;28;13;52;39;49;66;43;45;53;;
1410000;"Powiat łosicki";;;;;;;;;;;;;28;27;31;27;20;22;30;36;23;31;32;13;;;;;;;;;;;;;;10;6;7;7;3;3;6;10;4;4;6;5;;;;;;;;;;;;;;33;28;29;29;28;26;29;36;24;34;39;18;;
1411000;"Powiat makowski";;;;;;;;;;;;;62;45;37;38;45;54;53;42;46;40;37;37;;;;;;;;;;;;;;12;8;12;7;9;11;8;9;12;5;7;7;;;;;;;;;;;;;;70;48;39;49;46;68;59;53;47;46;45;45;;
1412000;"Powiat miński";;;;;;;;;;;;;247;194;169;162;152;139;124;119;114;104;116;79;;;;;;;;;;;;;;22;23;20;18;17;17;21;9;18;14;14;13;;;;;;;;;;;;;;327;270;205;194;213;187;154;167;151;129;132;97;;
1413000;"Powiat mławski";;;;;;;;;;;;;98;82;84;70;65;47;43;42;32;37;30;29;;;;;;;;;;;;;;12;18;12;15;24;9;13;10;11;11;4;2;;;;;;;;;;;;;;141;96;116;107;64;52;49;44;24;39;36;29;;
1414000;"Powiat nowodworski";;;;;;;;;;;;;95;94;66;72;58;57;59;57;63;39;35;36;;;;;;;;;;;;;;18;14;14;19;9;10;13;13;14;12;6;6;;;;;;;;;;;;;;110;98;79;85;70;64;63;66;77;35;35;53;;
1415000;"Powiat ostrołęcki";;;;;;;;;;;;;121;113;87;78;94;84;86;71;64;48;61;35;;;;;;;;;;;;;;15;22;19;7;19;15;15;14;26;12;19;8;;;;;;;;;;;;;;152;129;101;98;105;101;103;78;66;57;69;32;;
1416000;"Powiat ostrowski";;;;;;;;;;;;;97;90;66;73;54;88;58;53;49;46;49;46;;;;;;;;;;;;;;16;20;7;17;11;29;11;17;17;14;9;11;;;;;;;;;;;;;;112;99;70;82;61;85;63;52;45;42;55;58;;
1417000;"Powiat otwocki";;;;;;;;;;;;;169;163;137;154;130;124;72;63;91;69;63;29;;;;;;;;;;;;;;21;14;16;23;11;12;20;18;19;7;9;6;;;;;;;;;;;;;;216;219;168;176;161;181;79;65;86;76;67;30;;
1418000;"Powiat piaseczyński";;;;;;;;;;;;;126;111;114;129;89;87;86;84;82;84;97;88;;;;;;;;;;;;;;27;15;14;17;12;10;15;22;16;11;13;11;;;;;;;;;;;;;;156;133;141;144;88;97;87;85;76;86;116;103;;
1419000;"Powiat płocki";;;;;;;;;;;;;177;176;169;165;144;146;116;106;111;93;74;94;;;;;;;;;;;;;;36;24;25;18;26;14;15;17;22;14;13;15;;;;;;;;;;;;;;225;241;209;228;203;181;160;122;142;130;82;122;;
1420000;"Powiat płoński";;;;;;;;;;;;;103;107;102;87;83;72;54;54;56;64;66;41;;;;;;;;;;;;;;23;32;21;27;17;19;12;21;14;24;8;11;;;;;;;;;;;;;;125;133;146;114;103;117;60;55;55;63;84;40;;
1421000;"Powiat pruszkowski";;;;;;;;;;;;;111;107;110;69;113;67;69;76;56;61;40;60;;;;;;;;;;;;;;11;15;12;3;13;5;9;12;12;9;7;6;;;;;;;;;;;;;;132;130;132;82;117;73;74;76;61;62;39;69;;
1422000;"Powiat przasnyski";;;;;;;;;;;;;93;73;58;70;79;65;51;56;46;42;42;33;;;;;;;;;;;;;;9;4;4;12;5;10;7;8;9;10;2;4;;;;;;;;;;;;;;105;90;73;86;105;86;63;65;50;40;62;42;;
1423000;"Powiat przysuski";;;;;;;;;;;;;59;44;51;42;46;46;46;41;33;26;26;23;;;;;;;;;;;;;;5;2;4;7;7;3;6;4;7;8;7;5;;;;;;;;;;;;;;65;62;63;67;57;56;59;42;32;28;26;19;;
1424000;"Powiat pułtuski";;;;;;;;;;;;;41;40;35;38;38;54;49;51;43;41;42;36;;;;;;;;;;;;;;13;5;5;9;4;9;10;8;10;10;5;2;;;;;;;;;;;;;;36;42;39;37;43;72;61;51;45;35;42;47;;
1425000;"Powiat radomski";;;;;;;;;;;;;230;152;181;176;183;205;217;210;227;162;186;173;;;;;;;;;;;;;;25;27;21;23;16;30;28;23;24;23;22;15;;;;;;;;;;;;;;263;172;232;216;217;256;270;280;319;196;232;214;;
1426000;"Powiat siedlecki";;;;;;;;;;;;;62;65;57;48;52;51;76;76;84;56;97;71;;;;;;;;;;;;;;19;19;16;14;14;11;15;8;16;9;16;8;;;;;;;;;;;;;;75;81;71;65;70;58;85;117;118;72;119;96;;
1427000;"Powiat sierpecki";;;;;;;;;;;;;87;109;101;89;59;84;78;71;63;71;49;54;;;;;;;;;;;;;;12;17;18;8;3;11;7;9;3;10;9;3;;;;;;;;;;;;;;113;129;124;104;80;99;99;77;77;86;57;61;;
1428000;"Powiat sochaczewski";;;;;;;;;;;;;99;71;79;75;74;69;70;60;80;55;81;84;;;;;;;;;;;;;;22;19;13;19;17;15;6;11;12;8;11;17;;;;;;;;;;;;;;103;70;92;74;82;71;75;62;82;66;94;95;;
1429000;"Powiat sokołowski";;;;;;;;;;;;;49;48;39;38;42;46;37;46;43;35;38;28;;;;;;;;;;;;;;7;12;13;9;5;7;6;2;8;6;9;2;;;;;;;;;;;;;;58;52;36;40;47;50;40;58;46;39;37;34;;
1430000;"Powiat szydłowiecki";;;;;;;;;;;;;36;29;22;25;33;34;38;19;23;21;15;19;;;;;;;;;;;;;;13;6;3;5;6;11;4;2;2;6;3;3;;;;;;;;;;;;;;37;36;22;26;30;31;40;20;23;28;21;24;;
1432000;"Powiat warszawski zachodni";;;;;;;;;;;;;115;94;78;79;47;78;60;62;63;48;48;33;;;;;;;;;;;;;;15;10;14;11;9;16;16;7;14;7;10;2;;;;;;;;;;;;;;162;113;93;91;46;83;60;69;62;47;59;44;;
1433000;"Powiat węgrowski";;;;;;;;;;;;;82;58;55;58;62;47;41;39;35;29;40;40;;;;;;;;;;;;;;21;9;16;9;15;14;5;7;10;5;10;8;;;;;;;;;;;;;;98;64;59;64;69;46;41;40;29;30;37;37;;
1434000;"Powiat wołomiński";;;;;;;;;;;;;166;132;123;140;134;122;124;99;87;69;67;55;;;;;;;;;;;;;;33;26;38;27;25;24;27;18;22;20;13;12;;;;;;;;;;;;;;182;152;139;176;166;147;146;109;92;63;83;61;;
1435000;"Powiat wyszkowski";;;;;;;;;;;;;122;115;98;96;88;89;92;81;87;71;68;63;;;;;;;;;;;;;;22;17;16;16;13;10;21;20;11;5;9;11;;;;;;;;;;;;;;164;134;123;118;113;108;93;87;119;83;82;84;;
1436000;"Powiat zwoleński";;;;;;;;;;;;;52;33;38;32;35;48;40;47;35;30;35;40;;;;;;;;;;;;;;5;7;7;4;3;6;4;7;3;3;2;3;;;;;;;;;;;;;;55;42;46;39;44;65;60;61;48;32;55;48;;
1437000;"Powiat żuromiński";;;;;;;;;;;;;27;20;29;24;23;28;26;23;23;16;14;16;;;;;;;;;;;;;;3;5;3;3;2;3;2;3;4;3;0;0;;;;;;;;;;;;;;30;16;31;23;26;25;28;25;22;17;14;16;;
1438000;"Powiat żyrardowski";;;;;;;;;;;;;63;80;77;66;85;98;65;81;102;74;68;61;;;;;;;;;;;;;;21;13;10;8;14;6;6;14;10;10;9;6;;;;;;;;;;;;;;70;112;107;86;96;136;89;95;127;85;76;72;;
1461000;"Powiat m. Ostrołęka";;;;;;;;;;;;;43;43;38;40;34;41;31;24;20;13;21;16;;;;;;;;;;;;;;1;0;3;1;1;2;0;2;2;3;1;2;;;;;;;;;;;;;;46;48;43;44;39;43;32;23;18;10;23;16;;
1462000;"Powiat m. Płock";;;;;;;;;;;;;188;154;161;177;113;130;105;90;85;77;50;45;;;;;;;;;;;;;;9;3;4;6;5;6;3;4;4;9;1;0;;;;;;;;;;;;;;240;181;209;213;130;144;124;108;105;90;62;58;;
1463000;"Powiat m. Radom";;;;;;;;;;;;;281;160;259;244;245;234;265;266;278;172;169;188;;;;;;;;;;;;;;12;12;5;6;4;8;13;9;8;7;3;3;;;;;;;;;;;;;;319;175;335;307;284;280;322;322;321;195;219;228;;
1464000;"Powiat m. Siedlce";;;;;;;;;;;;;34;32;30;31;31;26;52;62;50;37;56;44;;;;;;;;;;;;;;1;1;0;1;3;1;0;1;0;2;3;1;;;;;;;;;;;;;;42;37;36;38;37;27;54;77;63;40;61;44;;
1465000;"Powiat m. st. Warszawa";;;;;;;;;;;;;1042;969;1186;1111;962;917;1072;1102;892;641;702;752;;;;;;;;;;;;;;90;59;74;65;60;54;48;43;35;44;42;33;;;;;;;;;;;;;;1221;1114;1349;1244;1087;1050;1223;1253;1020;709;752;817;;
1600000;"OPOLSKIE";;1632;1440;1366;1348;1191;1013;1048;1087;1043;912;836;836;797;791;738;710;754;700;705;614;488;537;438;;193;167;149;141;163;150;148;128;136;141;114;107;100;81;97;104;102;99;78;81;73;65;81;64;;2177;2196;1944;1756;1725;1536;1294;1325;1395;1281;1128;1028;1000;977;923;857;808;859;849;787;703;538;593;513;;
1601000;"Powiat brzeski";;;;;;;;;;;;;62;52;51;51;45;48;43;40;46;39;41;30;;;;;;;;;;;;;;11;4;10;7;6;8;3;2;13;6;14;7;;;;;;;;;;;;;;81;67;63;64;63;50;56;48;44;42;38;31;;
1602000;"Powiat głubczycki";;;;;;;;;;;;;29;28;18;15;16;17;25;18;25;16;19;17;;;;;;;;;;;;;;4;3;3;5;4;2;6;2;1;5;4;4;;;;;;;;;;;;;;30;34;15;14;19;20;24;19;29;14;22;23;;
1603000;"Powiat kędzierzyńsko-kozielski";;;;;;;;;;;;;31;35;34;43;36;35;33;32;29;24;39;30;;;;;;;;;;;;;;7;7;8;8;5;4;5;9;7;5;8;4;;;;;;;;;;;;;;31;36;32;38;37;34;33;29;28;21;36;30;;
1604000;"Powiat kluczborski";;;;;;;;;;;;;43;34;29;38;34;37;40;41;32;22;36;21;;;;;;;;;;;;;;13;5;7;6;8;9;6;8;6;4;4;5;;;;;;;;;;;;;;45;37;23;37;32;36;45;38;31;19;39;24;;
1605000;"Powiat krapkowicki";;;;;;;;;;;;;29;28;31;30;37;41;36;39;42;33;23;30;;;;;;;;;;;;;;2;8;7;13;3;6;7;11;2;7;5;5;;;;;;;;;;;;;;32;29;25;32;42;43;39;35;47;37;22;32;;
1606000;"Powiat namysłowski";;;;;;;;;;;;;33;33;36;29;23;18;19;20;17;15;19;8;;;;;;;;;;;;;;2;5;8;6;3;6;2;3;1;3;2;3;;;;;;;;;;;;;;43;37;45;30;22;20;23;21;20;18;22;9;;
1607000;"Powiat nyski";;;;;;;;;;;;;109;93;91;74;103;111;93;94;88;49;61;30;;;;;;;;;;;;;;8;14;11;14;16;9;14;13;8;8;9;4;;;;;;;;;;;;;;134;125;110;77;119;153;101;107;97;52;66;29;;
1608000;"Powiat oleski";;;;;;;;;;;;;36;40;38;38;53;51;43;58;45;36;32;22;;;;;;;;;;;;;;5;12;3;9;10;15;5;10;9;2;4;2;;;;;;;;;;;;;;43;50;51;48;57;56;55;64;56;42;39;25;;
1609000;"Powiat opolski";;;;;;;;;;;;;205;196;198;161;156;174;161;119;99;96;110;80;;;;;;;;;;;;;;24;11;26;16;23;17;14;7;13;16;14;8;;;;;;;;;;;;;;275;272;266;217;196;212;239;148;125;125;133;113;;
1610000;"Powiat prudnicki";;;;;;;;;;;;;34;28;26;24;22;20;30;32;29;24;28;27;;;;;;;;;;;;;;4;5;2;2;6;9;6;3;5;5;6;6;;;;;;;;;;;;;;36;30;29;23;20;15;25;37;30;22;31;27;;
1611000;"Powiat strzelecki";;;;;;;;;;;;;49;46;55;57;35;45;31;45;38;43;26;38;;;;;;;;;;;;;;13;5;5;14;10;5;4;3;4;4;7;12;;;;;;;;;;;;;;49;44;60;56;29;50;30;58;46;50;19;42;;
1661000;"Powiat m. Opole";;;;;;;;;;;;;176;184;184;178;150;157;146;167;124;91;103;105;;;;;;;;;;;;;;7;2;7;4;8;9;6;10;4;0;4;4;;;;;;;;;;;;;;201;216;204;221;172;170;179;183;150;96;126;128;;
1800000;"PODKARPACKIE";;2336;2294;2250;2229;2380;2244;2223;2278;2356;2176;1961;2110;1808;1807;1751;1703;1682;1710;1481;1481;1167;1222;1062;;289;267;246;223;250;295;287;260;257;234;220;202;224;184;151;144;136;141;124;125;157;132;95;88;;3077;2886;2854;2746;2726;3000;2858;2873;2985;3003;2776;2571;2634;2258;2251;2184;2120;2019;2033;1775;1708;1240;1444;1264;;
1801000;"Powiat bieszczadzki";;;;;;;;;;;;;19;18;16;8;10;13;11;14;11;6;8;10;;;;;;;;;;;;;;1;4;1;1;0;0;1;1;1;3;0;1;;;;;;;;;;;;;;28;22;17;8;14;19;13;15;15;3;10;12;;
1802000;"Powiat brzozowski";;;;;;;;;;;;;45;44;31;12;11;10;11;11;18;11;34;21;;;;;;;;;;;;;;8;7;4;2;4;2;3;2;2;5;2;1;;;;;;;;;;;;;;57;47;37;13;12;9;8;15;20;16;44;34;;
1803000;"Powiat dębicki";;;;;;;;;;;;;192;166;216;130;115;113;96;81;87;69;73;50;;;;;;;;;;;;;;17;12;12;16;6;8;12;6;3;11;8;8;;;;;;;;;;;;;;239;220;301;161;152;146;113;95;102;71;74;54;;
1804000;"Powiat jarosławski";;;;;;;;;;;;;93;52;47;32;40;34;39;37;31;17;37;37;;;;;;;;;;;;;;14;9;8;5;10;11;6;7;14;4;12;6;;;;;;;;;;;;;;121;52;58;33;38;35;42;37;31;18;72;36;;
1805000;"Powiat jasielski";;;;;;;;;;;;;60;68;76;64;79;87;60;71;70;48;51;40;;;;;;;;;;;;;;5;10;3;8;6;4;2;8;7;5;2;1;;;;;;;;;;;;;;69;82;101;80;99;91;67;77;76;51;54;46;;
1806000;"Powiat kolbuszowski";;;;;;;;;;;;;61;43;38;35;45;27;25;38;37;36;30;18;;;;;;;;;;;;;;10;4;5;5;9;7;5;8;3;9;6;5;;;;;;;;;;;;;;66;55;41;40;43;36;30;39;46;34;27;17;;
1807000;"Powiat krośnieński";;;;;;;;;;;;;61;56;58;73;61;50;26;30;50;31;38;41;;;;;;;;;;;;;;10;11;7;8;7;8;11;7;6;6;1;1;;;;;;;;;;;;;;82;74;76;95;78;58;24;34;54;33;50;52;;
1808000;"Powiat leżajski";;;;;;;;;;;;;20;18;46;29;22;15;13;17;16;13;25;18;;;;;;;;;;;;;;7;5;3;6;7;4;4;6;6;6;5;1;;;;;;;;;;;;;;16;18;51;34;19;13;11;15;14;9;25;25;;
1809000;"Powiat lubaczowski";;;;;;;;;;;;;22;12;19;10;13;18;18;15;15;9;12;4;;;;;;;;;;;;;;14;2;11;3;3;3;3;3;3;2;1;0;;;;;;;;;;;;;;14;13;14;15;12;16;18;20;13;9;13;4;;
1810000;"Powiat łańcucki";;;;;;;;;;;;;65;62;69;57;52;67;43;44;41;38;46;38;;;;;;;;;;;;;;10;9;8;4;1;8;7;2;6;0;4;0;;;;;;;;;;;;;;70;59;76;69;59;70;46;54;45;47;55;63;;
1811000;"Powiat mielecki";;;;;;;;;;;;;63;71;81;96;51;59;67;57;73;69;56;53;;;;;;;;;;;;;;11;9;13;15;8;5;8;5;15;9;8;6;;;;;;;;;;;;;;71;76;96;90;48;61;69;58;69;67;54;58;;
1812000;"Powiat niżański";;;;;;;;;;;;;82;75;73;70;75;87;68;57;55;40;44;29;;;;;;;;;;;;;;8;6;6;11;10;11;8;5;8;11;5;8;;;;;;;;;;;;;;94;86;81;77;85;111;89;67;74;35;53;27;;
1813000;"Powiat przemyski";;;;;;;;;;;;;31;17;26;19;20;18;22;19;13;11;17;19;;;;;;;;;;;;;;8;6;5;4;3;3;3;7;5;3;1;0;;;;;;;;;;;;;;43;25;33;30;32;26;25;74;14;10;22;23;;
1814000;"Powiat przeworski";;;;;;;;;;;;;118;107;75;88;94;76;68;80;58;45;32;35;;;;;;;;;;;;;;14;14;7;2;7;3;4;12;7;3;2;1;;;;;;;;;;;;;;157;130;95;115;138;94;78;99;70;48;39;48;;
1815000;"Powiat ropczycko-sędziszowski";;;;;;;;;;;;;96;76;66;56;49;60;64;47;40;20;23;23;;;;;;;;;;;;;;11;6;4;4;2;5;3;1;4;6;2;4;;;;;;;;;;;;;;130;111;92;89;66;70;82;64;59;19;24;24;;
1816000;"Powiat rzeszowski";;;;;;;;;;;;;290;232;225;235;250;241;299;175;173;178;191;156;;;;;;;;;;;;;;21;26;18;15;7;18;8;9;23;17;5;15;;;;;;;;;;;;;;369;308;284;303;348;318;380;215;212;187;234;194;;
1817000;"Powiat sanocki";;;;;;;;;;;;;56;41;31;44;29;32;38;35;40;34;24;31;;;;;;;;;;;;;;7;7;5;9;8;1;3;6;6;5;3;3;;;;;;;;;;;;;;61;56;41;51;28;38;41;33;39;32;22;28;;
1818000;"Powiat stalowowolski";;;;;;;;;;;;;83;68;74;104;94;100;119;97;82;68;79;69;;;;;;;;;;;;;;12;10;5;3;11;9;10;8;6;8;8;4;;;;;;;;;;;;;;94;81;77;150;110;104;142;106;95;78;90;73;;
1819000;"Powiat strzyżowski";;;;;;;;;;;;;70;68;55;38;48;32;60;79;57;52;54;37;;;;;;;;;;;;;;12;10;7;10;5;7;5;7;3;2;5;6;;;;;;;;;;;;;;121;102;94;57;66;44;67;105;74;60;64;39;;
1820000;"Powiat tarnobrzeski";;;;;;;;;;;;;47;42;27;34;47;48;49;53;64;53;36;38;;;;;;;;;;;;;;8;5;3;4;6;5;8;1;5;2;5;6;;;;;;;;;;;;;;77;64;42;40;64;63;85;74;76;65;47;51;;
1821000;"Powiat leski";;;;;;;;;;;;;23;12;21;10;17;15;15;13;16;9;10;13;;;;;;;;;;;;;;1;0;1;1;2;6;1;0;4;1;2;1;;;;;;;;;;;;;;29;16;26;12;19;13;18;13;15;8;8;19;;
1861000;"Powiat m. Krosno";;;;;;;;;;;;;38;28;24;57;46;22;10;18;35;12;14;12;;;;;;;;;;;;;;4;1;1;0;4;1;1;2;5;2;1;0;;;;;;;;;;;;;;43;44;39;79;62;29;12;19;34;12;16;15;;
1862000;"Powiat m. Przemyśl";;;;;;;;;;;;;20;31;21;15;18;18;20;16;19;15;10;13;;;;;;;;;;;;;;2;0;0;2;2;1;1;0;4;4;0;2;;;;;;;;;;;;;;23;38;24;21;21;19;19;16;17;17;14;11;;
1863000;"Powiat m. Rzeszów";;;;;;;;;;;;;427;384;366;407;385;408;425;314;328;243;238;224;;;;;;;;;;;;;;7;10;12;5;5;10;4;8;6;5;6;6;;;;;;;;;;;;;;521;461;426;480;465;498;496;352;373;268;280;271;;
1864000;"Powiat m. Tarnobrzeg";;;;;;;;;;;;;28;17;26;28;32;32;44;63;52;40;40;33;;;;;;;;;;;;;;2;1;2;1;3;1;3;4;5;3;1;2;;;;;;;;;;;;;;39;18;29;42;42;38;58;79;71;43;53;40;;
2000000;"PODLASKIE";;1538;1407;1452;1361;1226;1185;1135;1162;1136;1041;847;818;767;738;692;690;686;693;672;585;430;433;333;;226;201;185;209;215;200;211;208;209;162;179;146;152;131;135;126;118;120;114;102;106;78;79;69;;1963;1910;1723;1877;1742;1572;1490;1425;1441;1482;1353;1125;1008;970;874;793;864;834;802;771;620;451;481;360;;
2001000;"Powiat augustowski";;;;;;;;;;;;;46;55;58;40;34;42;29;25;34;28;21;14;;;;;;;;;;;;;;7;10;18;8;18;17;5;6;6;8;5;10;;;;;;;;;;;;;;49;67;57;40;34;47;33;29;30;26;19;9;;
2002000;"Powiat białostocki";;;;;;;;;;;;;117;98;105;95;113;103;101;92;74;53;47;38;;;;;;;;;;;;;;24;14;18;20;21;16;17;16;24;15;17;10;;;;;;;;;;;;;;164;158;135;130;144;171;137;109;73;58;67;38;;
2003000;"Powiat bielski";;;;;;;;;;;;;54;45;28;32;30;30;40;44;53;27;22;23;;;;;;;;;;;;;;11;14;7;11;6;11;10;12;14;5;5;10;;;;;;;;;;;;;;58;46;26;25;36;28;48;44;45;31;21;23;;
2004000;"Powiat grajewski";;;;;;;;;;;;;26;19;21;35;34;22;33;30;22;20;19;21;;;;;;;;;;;;;;5;2;5;9;6;4;8;6;4;1;4;2;;;;;;;;;;;;;;28;20;21;28;36;25;32;32;23;20;17;21;;
2005000;"Powiat hajnowski";;;;;;;;;;;;;24;21;15;21;23;25;15;22;22;13;13;16;;;;;;;;;;;;;;4;6;2;7;2;3;1;0;4;4;2;7;;;;;;;;;;;;;;28;20;18;25;32;38;14;22;28;11;12;11;;
2006000;"Powiat kolneński";;;;;;;;;;;;;26;25;19;22;18;22;21;27;17;17;16;7;;;;;;;;;;;;;;9;5;10;5;3;3;4;9;5;4;7;0;;;;;;;;;;;;;;34;26;16;23;19;28;28;31;23;14;14;12;;
2007000;"Powiat łomżyński";;;;;;;;;;;;;61;46;49;44;42;43;36;40;35;31;35;22;;;;;;;;;;;;;;15;17;10;8;7;9;9;8;6;10;6;3;;;;;;;;;;;;;;78;63;73;46;52;50;43;44;37;30;33;26;;
2008000;"Powiat moniecki";;;;;;;;;;;;;22;24;20;25;26;33;33;33;31;22;17;16;;;;;;;;;;;;;;2;4;1;4;7;6;9;5;5;1;2;4;;;;;;;;;;;;;;31;28;30;26;43;40;36;41;32;26;28;16;;
2009000;"Powiat sejneński";;;;;;;;;;;;;9;13;10;11;8;9;14;8;11;7;9;8;;;;;;;;;;;;;;3;5;5;2;3;1;2;1;0;1;3;2;;;;;;;;;;;;;;6;17;11;11;10;13;17;8;15;8;10;12;;
2010000;"Powiat siemiatycki";;;;;;;;;;;;;39;29;39;27;46;30;28;36;25;25;20;12;;;;;;;;;;;;;;6;5;8;9;8;4;7;4;3;4;3;0;;;;;;;;;;;;;;40;38;43;27;62;42;38;55;33;25;25;14;;
2011000;"Powiat sokólski";;;;;;;;;;;;;61;62;50;51;30;26;37;36;31;28;34;21;;;;;;;;;;;;;;13;15;16;6;7;8;7;9;8;8;7;6;;;;;;;;;;;;;;82;77;53;72;38;28;51;44;41;32;49;25;;
2012000;"Powiat suwalski";;;;;;;;;;;;;37;27;26;28;24;16;29;20;20;13;11;13;;;;;;;;;;;;;;12;4;5;6;5;3;9;4;7;4;3;2;;;;;;;;;;;;;;53;40;29;41;61;27;34;27;22;14;9;16;;
2013000;"Powiat wysokomazowiecki";;;;;;;;;;;;;44;41;44;33;33;50;39;33;30;29;27;15;;;;;;;;;;;;;;8;5;7;8;9;14;10;8;8;7;7;1;;;;;;;;;;;;;;65;57;46;44;46;44;36;33;31;28;29;21;;
2014000;"Powiat zambrowski";;;;;;;;;;;;;33;27;22;30;25;20;23;26;21;15;20;17;;;;;;;;;;;;;;13;11;10;10;9;5;12;5;4;2;5;4;;;;;;;;;;;;;;46;49;35;34;29;19;17;22;20;17;18;25;;
2061000;"Powiat m. Białystok";;;;;;;;;;;;;150;163;170;138;153;157;163;158;121;69;81;58;;;;;;;;;;;;;;13;9;10;8;3;5;3;6;6;2;2;5;;;;;;;;;;;;;;170;185;214;160;169;181;177;185;126;76;89;58;;
2062000;"Powiat m. Łomża";;;;;;;;;;;;;38;35;34;28;27;33;19;23;18;15;20;17;;;;;;;;;;;;;;5;0;1;4;1;7;0;1;1;2;1;0;;;;;;;;;;;;;;43;43;37;29;30;29;22;25;18;15;20;21;;
2063000;"Powiat m. Suwałki";;;;;;;;;;;;;31;37;28;32;24;25;33;19;20;18;21;15;;;;;;;;;;;;;;2;5;2;1;3;4;1;2;1;0;0;3;;;;;;;;;;;;;;33;36;30;32;23;24;39;20;23;20;21;12;;
2200000;"POMORSKIE";;3507;3569;3682;3262;3214;3064;2751;3057;3199;2848;2660;2916;2766;2641;2724;2675;2725;2608;2504;2297;1848;1776;1592;;350;322;329;285;276;307;266;256;266;265;257;198;222;179;174;181;170;144;134;146;160;169;118;100;;4031;4567;4572;4894;4362;4272;4044;3533;3988;4159;3641;3406;3729;3571;3405;3476;3347;3357;3253;3098;2775;2236;2060;1945;;
2201000;"Powiat bytowski";;;;;;;;;;;;;110;104;95;120;95;92;94;80;96;86;71;73;;;;;;;;;;;;;;14;5;8;8;9;7;9;13;5;15;1;6;;;;;;;;;;;;;;133;133;133;180;130;131;110;81;134;101;89;99;;
2202000;"Powiat chojnicki";;;;;;;;;;;;;99;103;84;105;87;106;103;128;104;89;77;72;;;;;;;;;;;;;;7;5;6;12;4;6;11;3;5;9;9;5;;;;;;;;;;;;;;130;152;116;156;113;133;142;181;131;117;90;94;;
2203000;"Powiat człuchowski";;;;;;;;;;;;;51;46;47;61;77;84;103;100;95;51;51;59;;;;;;;;;;;;;;4;15;11;4;14;8;3;12;10;6;3;8;;;;;;;;;;;;;;75;74;84;83;94;96;144;135;123;60;66;89;;
2204000;"Powiat gdański";;;;;;;;;;;;;230;171;183;200;175;209;186;194;158;146;142;121;;;;;;;;;;;;;;19;12;9;11;9;6;6;8;8;13;5;4;;;;;;;;;;;;;;285;236;232;268;225;268;245;262;193;178;182;164;;
2205000;"Powiat kartuski";;;;;;;;;;;;;242;212;222;212;265;239;226;198;162;135;83;64;;;;;;;;;;;;;;17;13;9;10;21;7;16;16;11;13;10;8;;;;;;;;;;;;;;364;280;322;279;342;345;302;234;214;185;99;86;;
2206000;"Powiat kościerski";;;;;;;;;;;;;144;126;120;140;133;175;143;137;133;63;71;53;;;;;;;;;;;;;;14;10;9;7;9;9;4;8;8;9;6;10;;;;;;;;;;;;;;209;168;163;208;184;243;209;201;194;85;93;69;;
2207000;"Powiat kwidzyński";;;;;;;;;;;;;62;78;79;87;103;91;105;93;70;64;55;55;;;;;;;;;;;;;;8;5;10;8;8;4;7;2;7;5;2;5;;;;;;;;;;;;;;71;98;96;118;133;125;133;123;86;76;64;57;;
2208000;"Powiat lęborski";;;;;;;;;;;;;59;37;34;36;36;25;28;22;27;28;33;32;;;;;;;;;;;;;;5;6;4;7;8;3;4;4;6;4;4;7;;;;;;;;;;;;;;91;35;33;34;41;27;27;25;29;29;34;42;;
2209000;"Powiat malborski";;;;;;;;;;;;;78;81;90;104;82;95;101;82;75;61;60;48;;;;;;;;;;;;;;16;7;7;13;9;8;5;6;9;3;4;2;;;;;;;;;;;;;;101;103;130;121;90;116;138;92;92;71;73;81;;
2210000;"Powiat nowodworski";;;;;;;;;;;;;39;43;49;34;57;76;31;13;16;30;24;22;;;;;;;;;;;;;;10;10;6;3;2;5;3;1;1;7;3;4;;;;;;;;;;;;;;47;54;72;45;79;92;37;22;19;32;30;19;;
2211000;"Powiat pucki";;;;;;;;;;;;;102;123;113;93;108;93;83;61;71;67;71;39;;;;;;;;;;;;;;7;9;16;8;12;6;4;5;7;6;4;5;;;;;;;;;;;;;;124;155;127;116;135;118;92;75;76;89;77;40;;
2212000;"Powiat słupski";;;;;;;;;;;;;101;98;117;125;95;104;78;76;68;69;67;76;;;;;;;;;;;;;;12;5;13;20;8;9;8;11;14;18;8;6;;;;;;;;;;;;;;140;154;148;154;127;128;101;85;72;83;78;89;;
2213000;"Powiat starogardzki";;;;;;;;;;;;;192;188;179;194;182;168;141;143;136;92;78;71;;;;;;;;;;;;;;14;13;8;6;14;11;5;7;14;9;9;7;;;;;;;;;;;;;;238;241;219;245;227;187;186;183;162;112;103;86;;
2214000;"Powiat tczewski";;;;;;;;;;;;;159;155;129;162;164;166;168;145;165;89;98;91;;;;;;;;;;;;;;11;5;5;8;8;4;9;9;9;10;12;3;;;;;;;;;;;;;;209;208;181;214;196;215;207;187;209;133;121;127;;
2215000;"Powiat wejherowski";;;;;;;;;;;;;198;126;182;167;184;164;171;147;159;131;162;139;;;;;;;;;;;;;;18;17;16;26;10;14;13;13;21;12;16;3;;;;;;;;;;;;;;242;175;236;199;237;201;191;163;174;165;176;166;;
2216000;"Powiat sztumski";;;;;;;;;;;;;37;31;33;22;36;32;35;45;37;33;27;28;;;;;;;;;;;;;;3;5;3;5;6;3;7;2;2;5;5;3;;;;;;;;;;;;;;57;42;44;22;48;37;40;67;41;36;32;32;;
2261000;"Powiat m. Gdańsk";;;;;;;;;;;;;626;667;580;532;505;503;521;552;462;397;383;336;;;;;;;;;;;;;;25;20;18;14;13;12;13;11;11;15;9;8;;;;;;;;;;;;;;777;849;717;635;603;575;616;653;554;450;417;367;;
2262000;"Powiat m. Gdynia";;;;;;;;;;;;;222;233;159;166;138;148;184;169;176;137;134;126;;;;;;;;;;;;;;13;13;8;8;3;14;6;9;8;7;4;4;;;;;;;;;;;;;;256;253;182;190;164;148;207;194;179;144;144;138;;
2263000;"Powiat m. Słupsk";;;;;;;;;;;;;112;103;120;123;124;114;75;90;55;57;70;78;;;;;;;;;;;;;;4;1;5;1;3;5;1;6;2;2;3;2;;;;;;;;;;;;;;123;115;140;140;143;127;93;94;56;58;72;88;;
2264000;"Powiat m. Sopot";;;;;;;;;;;;;53;41;26;41;29;41;32;29;32;23;19;9;;;;;;;;;;;;;;1;3;3;2;0;3;0;0;2;1;1;0;;;;;;;;;;;;;;57;46;30;69;36;45;33;41;37;32;20;12;;
2400000;"ŚLĄSKIE";;6898;6496;6421;6379;7046;6355;6179;6320;5903;5565;5015;5041;4683;4529;4360;3792;3650;3502;3222;2965;2383;2203;1984;;633;588;457;513;513;511;439;427;475;455;414;352;347;336;267;249;255;257;246;219;199;189;148;155;;8890;8512;8218;7930;7814;8703;7894;7742;7870;7294;6854;6132;6129;5717;5506;5324;4584;4347;4307;3783;3561;2715;2576;2263;;
2401000;"Powiat będziński";;;;;;;;;;;;;100;103;119;90;124;99;62;87;88;90;71;42;;;;;;;;;;;;;;12;22;19;13;13;25;9;17;11;16;10;5;;;;;;;;;;;;;;115;108;146;109;158;115;87;89;123;119;94;47;;
2402000;"Powiat bielski";;;;;;;;;;;;;139;108;102;110;113;86;97;59;73;46;42;48;;;;;;;;;;;;;;17;13;7;4;8;9;6;4;5;1;3;5;;;;;;;;;;;;;;182;125;130;139;153;112;123;74;82;52;48;49;;
2403000;"Powiat cieszyński";;;;;;;;;;;;;152;147;182;202;204;180;178;181;164;132;121;79;;;;;;;;;;;;;;18;18;10;12;18;10;14;8;8;10;8;11;;;;;;;;;;;;;;178;176;243;238;250;218;223;219;197;148;132;83;;
2404000;"Powiat częstochowski";;;;;;;;;;;;;239;246;233;227;207;246;237;230;197;165;114;86;;;;;;;;;;;;;;30;21;22;26;20;13;15;24;12;18;12;11;;;;;;;;;;;;;;295;319;313;293;296;350;330;309;282;224;153;103;;
2405000;"Powiat gliwicki";;;;;;;;;;;;;130;129;114;76;81;81;82;63;67;55;45;31;;;;;;;;;;;;;;13;14;8;8;12;8;12;12;7;6;7;6;;;;;;;;;;;;;;164;167;142;96;86;105;93;60;74;57;48;37;;
2406000;"Powiat kłobucki";;;;;;;;;;;;;79;66;50;45;50;53;44;47;34;50;40;42;;;;;;;;;;;;;;12;11;10;12;7;10;10;7;10;6;5;5;;;;;;;;;;;;;;101;75;54;46;65;62;52;55;33;60;43;48;;
2407000;"Powiat lubliniecki";;;;;;;;;;;;;80;74;59;56;54;42;27;37;77;51;51;37;;;;;;;;;;;;;;22;6;8;9;1;14;8;3;5;9;6;10;;;;;;;;;;;;;;87;90;68;66;77;47;39;47;98;51;59;41;;
2408000;"Powiat mikołowski";;;;;;;;;;;;;55;72;88;85;79;62;53;52;52;48;43;37;;;;;;;;;;;;;;10;12;4;4;2;12;7;2;7;2;3;4;;;;;;;;;;;;;;54;75;99;104;88;63;61;58;56;49;45;45;;
2409000;"Powiat myszkowski";;;;;;;;;;;;;135;101;118;115;108;78;88;88;74;52;58;52;;;;;;;;;;;;;;8;16;5;7;7;11;10;8;8;3;8;3;;;;;;;;;;;;;;163;127;151;153;146;84;111;106;90;62;71;63;;
2410000;"Powiat pszczyński";;;;;;;;;;;;;151;130;120;134;85;66;71;59;59;32;44;47;;;;;;;;;;;;;;11;5;10;12;15;10;11;11;8;5;9;6;;;;;;;;;;;;;;182;165;145;164;93;62;91;61;64;28;50;52;;
2411000;"Powiat raciborski";;;;;;;;;;;;;95;94;92;80;59;50;61;51;57;32;33;25;;;;;;;;;;;;;;11;13;6;4;6;8;5;8;8;3;6;1;;;;;;;;;;;;;;96;95;105;86;65;44;66;60;65;35;32;30;;
2412000;"Powiat rybnicki";;;;;;;;;;;;;50;44;39;34;32;44;36;42;33;23;38;33;;;;;;;;;;;;;;2;2;2;4;3;3;2;7;3;1;4;1;;;;;;;;;;;;;;60;52;46;39;37;50;43;45;36;32;43;36;;
2413000;"Powiat tarnogórski";;;;;;;;;;;;;213;225;202;182;151;156;172;156;174;96;104;84;;;;;;;;;;;;;;8;11;7;7;10;4;11;12;8;8;7;4;;;;;;;;;;;;;;289;311;245;221;196;192;238;189;216;115;116;111;;
2414000;"Powiat bieruńsko-lędziński";;;;;;;;;;;;;90;66;74;60;51;36;47;38;30;42;31;30;;;;;;;;;;;;;;3;6;2;3;6;3;10;6;6;6;3;3;;;;;;;;;;;;;;123;82;87;76;58;52;60;40;30;46;39;34;;
2415000;"Powiat wodzisławski";;;;;;;;;;;;;145;122;126;120;102;97;67;64;46;49;51;42;;;;;;;;;;;;;;8;6;12;7;4;5;4;6;3;8;3;4;;;;;;;;;;;;;;168;137;149;133;114;122;73;66;52;54;56;50;;
2416000;"Powiat zawierciański";;;;;;;;;;;;;196;170;118;95;83;78;111;105;73;84;89;99;;;;;;;;;;;;;;13;17;13;12;14;10;9;12;9;4;10;9;;;;;;;;;;;;;;242;207;154;128;90;90;131;127;84;95;108;113;;
2417000;"Powiat żywiecki";;;;;;;;;;;;;237;230;264;258;147;147;121;93;69;62;48;40;;;;;;;;;;;;;;10;15;9;10;15;4;10;3;10;10;1;7;;;;;;;;;;;;;;302;306;332;334;195;206;150;136;94;76;63;68;;
2461000;"Powiat m. Bielsko-Biała";;;;;;;;;;;;;126;101;101;139;138;93;102;88;62;49;40;29;;;;;;;;;;;;;;10;8;7;5;8;5;8;5;2;3;3;2;;;;;;;;;;;;;;153;118;125;195;157;100;119;96;72;53;46;27;;
2462000;"Powiat m. Bytom";;;;;;;;;;;;;146;146;121;142;149;121;109;99;79;58;73;71;;;;;;;;;;;;;;3;8;4;11;8;4;4;5;4;2;6;1;;;;;;;;;;;;;;160;165;140;160;178;135;123;119;91;59;81;74;;
2463000;"Powiat m. Chorzów";;;;;;;;;;;;;43;41;40;50;32;29;28;24;20;28;27;25;;;;;;;;;;;;;;7;4;2;1;2;2;2;4;2;2;0;1;;;;;;;;;;;;;;43;46;50;59;33;32;31;25;22;29;31;25;;
2464000;"Powiat m. Częstochowa";;;;;;;;;;;;;455;442;425;464;335;429;378;327;318;232;195;171;;;;;;;;;;;;;;15;15;12;4;8;14;10;10;3;10;8;9;;;;;;;;;;;;;;559;546;529;599;404;534;466;397;394;270;235;182;;
2465000;"Powiat m. Dąbrowa Górnicza";;;;;;;;;;;;;157;125;103;113;100;95;95;88;95;75;68;66;;;;;;;;;;;;;;14;10;9;6;4;7;5;4;7;7;3;2;;;;;;;;;;;;;;219;171;121;144;132;119;108;103;116;83;82;81;;
2466000;"Powiat m. Gliwice";;;;;;;;;;;;;256;221;243;195;147;117;104;105;101;95;76;96;;;;;;;;;;;;;;16;14;5;13;15;11;12;5;4;9;5;8;;;;;;;;;;;;;;314;270;296;232;169;127;120;114;109;112;87;110;;
2467000;"Powiat m. Jastrzębie-Zdrój";;;;;;;;;;;;;102;99;94;94;98;86;80;57;57;42;34;30;;;;;;;;;;;;;;4;1;3;1;6;1;4;0;3;2;1;1;;;;;;;;;;;;;;114;124;124;109;119;99;96;73;67;46;41;44;;
2468000;"Powiat m. Jaworzno";;;;;;;;;;;;;98;82;68;67;43;36;36;29;28;28;22;24;;;;;;;;;;;;;;2;6;4;5;2;4;0;5;1;2;1;4;;;;;;;;;;;;;;124;105;88;94;57;37;47;42;31;33;27;25;;
2469000;"Powiat m. Katowice";;;;;;;;;;;;;307;308;306;278;281;307;254;252;221;165;162;148;;;;;;;;;;;;;;12;20;21;14;13;18;11;4;12;7;6;9;;;;;;;;;;;;;;403;347;357;325;311;358;340;294;257;188;192;162;;
2470000;"Powiat m. Mysłowice";;;;;;;;;;;;;48;68;55;48;41;39;46;47;53;49;40;32;;;;;;;;;;;;;;4;5;2;4;3;4;1;3;2;3;1;2;;;;;;;;;;;;;;48;94;63;56;50;44;55;51;74;57;46;31;;
2471000;"Powiat m. Piekary Śląskie";;;;;;;;;;;;;65;65;63;46;39;35;34;37;35;32;28;26;;;;;;;;;;;;;;2;2;3;1;0;2;3;2;0;2;0;3;;;;;;;;;;;;;;80;84;82;53;45;40;44;39;37;33;33;26;;
2472000;"Powiat m. Ruda Śląska";;;;;;;;;;;;;164;132;141;126;100;107;121;125;86;74;93;80;;;;;;;;;;;;;;4;8;3;5;4;3;2;2;1;2;2;1;;;;;;;;;;;;;;188;148;167;149;124;128;151;146;97;79;106;93;;
2473000;"Powiat m. Rybnik";;;;;;;;;;;;;86;86;71;74;67;55;62;54;60;57;60;57;;;;;;;;;;;;;;8;3;7;4;11;6;3;1;7;6;0;2;;;;;;;;;;;;;;100;108;75;82;65;62;71;59;64;58;69;67;;
2474000;"Powiat m. Siemianowice Śląskie";;;;;;;;;;;;;47;30;24;27;24;34;32;25;21;12;14;11;;;;;;;;;;;;;;1;3;2;0;1;0;0;1;0;1;0;0;;;;;;;;;;;;;;60;29;28;30;24;40;36;26;22;11;14;14;;
2475000;"Powiat m. Sosnowiec";;;;;;;;;;;;;198;188;204;200;185;199;190;162;140;102;89;92;;;;;;;;;;;;;;9;5;6;5;3;8;12;6;6;5;2;3;;;;;;;;;;;;;;230;216;251;245;226;226;219;181;173;115;98;99;;
2476000;"Powiat m. Świętochłowice";;;;;;;;;;;;;30;21;28;19;13;16;34;25;22;17;15;13;;;;;;;;;;;;;;4;0;2;0;1;2;1;0;1;0;1;1;;;;;;;;;;;;;;30;21;27;22;13;14;43;26;24;17;17;15;;
2477000;"Powiat m. Tychy";;;;;;;;;;;;;163;135;115;79;51;42;49;46;44;51;34;39;;;;;;;;;;;;;;13;4;10;8;2;1;9;6;6;4;2;1;;;;;;;;;;;;;;165;172;118;75;53;42;46;45;44;50;38;40;;
2478000;"Powiat m. Zabrze";;;;;;;;;;;;;232;228;205;208;185;183;162;152;131;90;78;92;;;;;;;;;;;;;;7;7;10;7;2;5;4;5;7;4;1;7;;;;;;;;;;;;;;282;283;229;246;217;207;185;172;164;96;93;101;;
2479000;"Powiat m. Żory";;;;;;;;;;;;;32;38;22;22;34;26;32;28;25;18;32;28;;;;;;;;;;;;;;4;5;1;1;1;1;2;1;3;2;1;3;;;;;;;;;;;;;;56;53;27;24;40;29;36;34;27;23;40;37;;
2600000;"ŚWIĘTOKRZYSKIE";;2284;2208;2209;2171;2172;1906;1886;1919;1899;1744;1574;1520;1393;1399;1308;1353;1365;1235;1201;1056;831;780;649;;299;263;222;292;242;221;227;221;256;240;176;197;179;136;143;130;108;107;115;127;131;96;86;67;;2874;2807;2868;2708;2719;2813;2580;2340;2397;2358;2275;2017;1861;1712;1727;1621;1676;1724;1529;1450;1241;953;913;761;;
2601000;"Powiat buski";;;;;;;;;;;;;59;58;52;41;38;29;42;33;14;35;27;14;;;;;;;;;;;;;;16;13;8;10;8;7;7;8;8;7;6;2;;;;;;;;;;;;;;76;79;60;62;45;41;53;30;6;40;35;17;;
2602000;"Powiat jędrzejowski";;;;;;;;;;;;;66;72;81;106;123;91;101;113;115;106;113;73;;;;;;;;;;;;;;18;23;14;10;6;6;6;10;7;9;4;5;;;;;;;;;;;;;;74;87;111;131;157;124;138;137;146;124;122;87;;
2603000;"Powiat kazimierski";;;;;;;;;;;;;30;27;30;16;24;26;23;24;25;27;30;15;;;;;;;;;;;;;;3;2;2;2;2;2;3;3;3;3;2;4;;;;;;;;;;;;;;42;36;42;25;34;32;34;33;32;28;39;14;;
2604000;"Powiat kielecki";;;;;;;;;;;;;463;414;414;391;388;387;316;291;253;168;169;150;;;;;;;;;;;;;;47;26;36;37;39;22;38;32;25;18;21;13;;;;;;;;;;;;;;592;531;543;515;505;532;413;376;347;216;220;203;;
2605000;"Powiat konecki";;;;;;;;;;;;;73;55;49;38;62;67;65;65;48;52;37;37;;;;;;;;;;;;;;14;9;8;7;6;12;7;15;17;6;5;7;;;;;;;;;;;;;;87;55;50;43;68;82;74;78;48;65;38;44;;
2606000;"Powiat opatowski";;;;;;;;;;;;;59;71;71;44;48;39;45;65;52;42;31;31;;;;;;;;;;;;;;13;12;18;11;8;12;6;10;16;6;8;9;;;;;;;;;;;;;;75;98;74;42;60;42;53;81;52;53;34;23;;
2607000;"Powiat ostrowiecki";;;;;;;;;;;;;42;44;33;35;48;58;49;45;50;37;31;31;;;;;;;;;;;;;;5;5;9;6;0;5;5;7;10;5;5;4;;;;;;;;;;;;;;39;46;37;33;59;58;48;41;53;36;28;33;;
2608000;"Powiat pińczowski";;;;;;;;;;;;;50;35;32;39;31;35;34;33;35;24;25;19;;;;;;;;;;;;;;8;5;3;5;2;1;11;5;5;0;2;1;;;;;;;;;;;;;;54;38;35;42;39;40;35;37;38;27;28;24;;
2609000;"Powiat sandomierski";;;;;;;;;;;;;90;85;66;71;70;81;79;77;66;50;49;42;;;;;;;;;;;;;;14;15;7;5;11;11;5;9;6;8;5;3;;;;;;;;;;;;;;95;113;91;95;88;129;108;108;72;72;67;46;;
2610000;"Powiat skarżyski";;;;;;;;;;;;;56;78;71;75;68;91;74;42;38;21;38;15;;;;;;;;;;;;;;11;6;6;10;2;5;7;3;6;7;2;0;;;;;;;;;;;;;;75;95;81;91;85;110;91;56;47;16;52;17;;
2611000;"Powiat starachowicki";;;;;;;;;;;;;74;65;79;76;70;90;72;76;69;47;36;33;;;;;;;;;;;;;;4;8;6;13;3;8;6;14;8;8;4;6;;;;;;;;;;;;;;88;70;85;82;91;105;76;79;70;42;37;35;;
2612000;"Powiat staszowski";;;;;;;;;;;;;66;57;41;53;56;62;44;45;45;44;43;23;;;;;;;;;;;;;;8;6;6;9;7;7;5;3;10;2;8;10;;;;;;;;;;;;;;77;67;44;54;57;61;47;47;44;51;54;21;;
2613000;"Powiat włoszczowski";;;;;;;;;;;;;62;46;39;38;32;27;35;36;34;50;21;16;;;;;;;;;;;;;;7;2;6;2;4;3;4;5;7;11;4;1;;;;;;;;;;;;;;82;52;57;54;37;30;41;40;37;49;22;19;;
2661000;"Powiat m. Kielce";;;;;;;;;;;;;330;286;341;285;295;282;256;256;212;128;130;150;;;;;;;;;;;;;;11;4;14;3;10;6;5;3;3;6;10;2;;;;;;;;;;;;;;405;345;417;352;351;338;318;307;249;134;137;178;;
2800000;"WARMIŃSKO-MAZURSKIE";;1987;1849;1787;1907;1997;1936;1645;1962;2241;1817;1725;1654;1607;1621;1645;1535;1627;1455;1281;1218;1040;920;830;;314;284;278;251;270;315;279;248;271;224;176;168;179;145;154;148;140;158;118;140;103;115;96;84;;2420;2626;2374;2314;2492;2498;2598;2108;2590;2948;2382;2338;2107;2059;1968;2052;1869;2025;1734;1506;1486;1186;1074;928;;
2801000;"Powiat bartoszycki";;;;;;;;;;;;;48;49;49;48;47;41;41;40;40;37;31;29;;;;;;;;;;;;;;7;5;8;3;13;10;4;6;2;3;2;3;;;;;;;;;;;;;;60;60;44;52;47;41;47;41;43;42;30;29;;
2802000;"Powiat braniewski";;;;;;;;;;;;;44;58;57;56;53;54;45;42;34;31;22;22;;;;;;;;;;;;;;7;2;5;7;7;5;5;8;4;6;1;2;;;;;;;;;;;;;;51;72;67;69;57;63;60;72;49;33;23;28;;
2803000;"Powiat działdowski";;;;;;;;;;;;;58;53;64;55;65;54;51;34;24;29;31;35;;;;;;;;;;;;;;11;7;8;6;3;2;5;10;3;7;7;9;;;;;;;;;;;;;;63;75;96;81;77;87;64;32;31;32;39;31;;
2804000;"Powiat elbląski";;;;;;;;;;;;;120;90;86;95;70;87;62;61;49;37;27;31;;;;;;;;;;;;;;10;8;10;12;4;17;7;8;2;7;3;7;;;;;;;;;;;;;;190;127;96;136;95;125;91;75;62;39;39;38;;
2805000;"Powiat ełcki";;;;;;;;;;;;;101;79;110;103;87;95;100;81;74;65;52;61;;;;;;;;;;;;;;8;5;9;5;5;6;2;5;6;6;5;3;;;;;;;;;;;;;;122;100;153;128;102;116;128;90;99;74;59;66;;
2806000;"Powiat giżycki";;;;;;;;;;;;;63;56;66;56;52;41;34;32;41;34;38;46;;;;;;;;;;;;;;10;7;10;4;10;7;3;4;4;3;2;6;;;;;;;;;;;;;;68;68;84;65;59;54;37;39;42;38;46;45;;
2807000;"Powiat iławski";;;;;;;;;;;;;147;145;120;89;91;95;91;83;78;75;64;68;;;;;;;;;;;;;;6;6;9;6;8;14;9;10;9;5;5;8;;;;;;;;;;;;;;191;184;135;115;114;124;100;90;88;86;78;80;;
2808000;"Powiat kętrzyński";;;;;;;;;;;;;48;38;37;37;33;44;37;29;32;45;41;30;;;;;;;;;;;;;;5;4;5;9;7;4;5;6;6;9;8;7;;;;;;;;;;;;;;57;40;38;33;35;49;37;27;60;56;46;35;;
2809000;"Powiat lidzbarski";;;;;;;;;;;;;70;52;37;37;36;38;20;22;19;32;28;25;;;;;;;;;;;;;;7;4;5;7;7;7;5;4;2;5;2;2;;;;;;;;;;;;;;82;65;47;42;38;39;18;21;24;32;35;26;;
2810000;"Powiat mrągowski";;;;;;;;;;;;;89;78;91;89;64;84;48;27;33;33;41;36;;;;;;;;;;;;;;3;11;11;8;4;7;5;5;2;5;4;4;;;;;;;;;;;;;;123;118;102;132;84;103;56;29;40;32;44;41;;
2811000;"Powiat nidzicki";;;;;;;;;;;;;28;32;29;23;28;23;19;15;29;22;19;30;;;;;;;;;;;;;;9;11;3;3;9;2;2;4;4;7;6;6;;;;;;;;;;;;;;46;40;50;28;31;33;28;21;31;23;20;39;;
2812000;"Powiat nowomiejski";;;;;;;;;;;;;39;59;25;32;22;21;41;21;24;30;22;25;;;;;;;;;;;;;;3;8;3;6;2;2;3;4;1;2;2;1;;;;;;;;;;;;;;55;64;26;32;27;23;41;21;26;35;26;27;;
2813000;"Powiat olecki";;;;;;;;;;;;;41;32;27;28;40;37;25;41;43;30;30;18;;;;;;;;;;;;;;9;3;7;2;5;7;5;5;6;7;2;3;;;;;;;;;;;;;;56;43;32;36;48;43;30;46;50;34;37;19;;
2814000;"Powiat olsztyński";;;;;;;;;;;;;178;214;170;226;219;235;231;203;195;135;124;93;;;;;;;;;;;;;;34;27;23;17;25;24;25;24;21;8;17;9;;;;;;;;;;;;;;239;285;196;301;315;316;301;260;266;172;143;98;;
2815000;"Powiat ostródzki";;;;;;;;;;;;;95;81;69;85;75;106;91;74;73;68;60;37;;;;;;;;;;;;;;18;11;9;20;6;16;6;16;9;14;8;4;;;;;;;;;;;;;;142;118;102;115;90;136;112;96;84;76;74;49;;
2816000;"Powiat piski";;;;;;;;;;;;;37;36;55;46;42;49;43;41;53;40;34;38;;;;;;;;;;;;;;4;2;8;6;5;8;6;3;7;3;5;3;;;;;;;;;;;;;;59;46;77;53;52;52;53;47;68;45;41;50;;
2817000;"Powiat szczycieński";;;;;;;;;;;;;102;90;89;83;80;82;83;60;44;50;41;32;;;;;;;;;;;;;;10;10;8;5;9;9;6;6;6;9;7;4;;;;;;;;;;;;;;120;116;109;109;93;93;99;71;45;59;48;40;;
2818000;"Powiat gołdapski";;;;;;;;;;;;;22;24;39;37;38;20;22;25;29;22;15;12;;;;;;;;;;;;;;3;4;2;4;0;1;2;3;5;3;1;1;;;;;;;;;;;;;;28;37;49;45;48;25;25;31;36;26;23;11;;
2819000;"Powiat węgorzewski";;;;;;;;;;;;;27;30;34;30;28;26;18;19;20;18;14;11;;;;;;;;;;;;;;4;2;3;2;4;1;1;2;1;2;2;2;;;;;;;;;;;;;;31;37;44;34;34;32;19;27;21;25;18;13;;
2861000;"Powiat m. Elbląg";;;;;;;;;;;;;120;113;133;123;120;100;96;75;57;45;56;42;;;;;;;;;;;;;;4;3;5;3;4;1;8;3;1;3;4;0;;;;;;;;;;;;;;135;135;149;152;143;114;105;83;68;43;60;45;;
2862000;"Powiat m. Olsztyn";;;;;;;;;;;;;177;198;234;267;245;295;257;256;227;162;130;109;;;;;;;;;;;;;;7;5;3;13;3;8;4;4;2;1;3;0;;;;;;;;;;;;;;189;229;272;294;280;357;283;287;253;184;145;118;;
3000000;"WIELKOPOLSKIE";;5803;5364;5362;5071;4910;4268;4500;4886;4882;3989;2930;2997;2569;2633;2392;2196;2316;3122;3232;3894;2822;2409;2299;;690;603;495;520;525;540;503;511;511;553;403;343;405;315;289;268;245;249;294;261;279;217;230;214;;7444;7443;7013;7079;6495;6435;5567;5712;6338;6265;5171;3624;3664;3090;3126;2808;2523;2683;3594;3766;4566;3234;2769;2617;;
3001000;"Powiat chodzieski";;;;;;;;;;;;;43;36;36;30;30;29;33;31;34;28;24;20;;;;;;;;;;;;;;10;3;9;5;2;0;6;4;6;5;5;3;;;;;;;;;;;;;;50;46;34;34;32;33;38;33;37;31;27;20;;
3002000;"Powiat czarnkowsko-trzcianecki";;;;;;;;;;;;;55;45;56;71;55;45;48;51;54;53;38;33;;;;;;;;;;;;;;14;9;11;10;11;12;4;7;6;7;9;8;;;;;;;;;;;;;;62;54;71;76;70;55;53;55;62;60;42;37;;
3003000;"Powiat gnieźnieński";;;;;;;;;;;;;66;87;81;58;61;76;93;127;113;86;68;49;;;;;;;;;;;;;;23;20;9;5;16;11;10;10;14;9;4;5;;;;;;;;;;;;;;86;95;101;69;64;79;103;147;131;90;82;60;;
3004000;"Powiat gostyński";;;;;;;;;;;;;30;29;28;31;43;47;45;43;48;31;28;17;;;;;;;;;;;;;;8;6;6;5;5;5;3;3;4;4;2;2;;;;;;;;;;;;;;34;31;35;29;45;45;49;47;56;32;30;15;;
3005000;"Powiat grodziski";;;;;;;;;;;;;27;13;25;24;21;21;21;19;27;24;28;16;;;;;;;;;;;;;;5;3;6;6;2;4;3;4;7;4;2;4;;;;;;;;;;;;;;29;16;26;29;20;20;20;19;25;25;28;15;;
3006000;"Powiat jarociński";;;;;;;;;;;;;42;38;38;39;36;30;31;38;46;29;31;29;;;;;;;;;;;;;;8;7;7;6;7;4;6;9;8;5;6;6;;;;;;;;;;;;;;52;41;41;48;40;33;32;43;54;29;34;31;;
3007000;"Powiat kaliski";;;;;;;;;;;;;57;46;51;53;63;54;65;64;127;53;67;49;;;;;;;;;;;;;;10;10;9;9;15;12;12;10;6;2;10;7;;;;;;;;;;;;;;66;70;60;72;66;66;76;81;165;74;70;60;;
3008000;"Powiat kępiński";;;;;;;;;;;;;40;33;21;17;19;21;23;24;27;29;26;28;;;;;;;;;;;;;;12;7;7;4;5;4;4;6;14;4;6;7;;;;;;;;;;;;;;49;40;18;18;17;21;22;22;22;29;33;28;;
3009000;"Powiat kolski";;;;;;;;;;;;;78;84;93;68;66;49;40;33;49;47;49;61;;;;;;;;;;;;;;21;8;8;8;11;10;3;3;9;5;8;8;;;;;;;;;;;;;;77;90;104;70;64;46;40;33;47;45;50;63;;
3010000;"Powiat koniński";;;;;;;;;;;;;180;158;145;97;60;56;56;87;163;133;118;114;;;;;;;;;;;;;;16;23;10;9;15;10;16;8;10;12;9;9;;;;;;;;;;;;;;250;231;192;132;72;76;59;114;205;162;146;131;;
3011000;"Powiat kościański";;;;;;;;;;;;;133;102;114;116;111;107;105;100;88;84;72;66;;;;;;;;;;;;;;5;3;10;6;10;5;7;9;6;4;9;6;;;;;;;;;;;;;;170;125;138;149;138;137;117;132;116;102;72;82;;
3012000;"Powiat krotoszyński";;;;;;;;;;;;;19;34;37;35;33;32;33;32;46;50;35;35;;;;;;;;;;;;;;8;10;10;5;11;3;9;3;4;10;6;6;;;;;;;;;;;;;;20;40;33;42;29;33;27;30;52;43;35;36;;
3013000;"Powiat leszczyński";;;;;;;;;;;;;83;101;110;97;89;101;94;125;102;87;77;65;;;;;;;;;;;;;;10;9;11;5;1;5;2;6;5;3;8;6;;;;;;;;;;;;;;123;158;153;129;114;138;120;162;129;117;96;89;;
3014000;"Powiat międzychodzki";;;;;;;;;;;;;18;29;36;20;16;15;30;27;29;22;18;13;;;;;;;;;;;;;;4;8;6;2;1;5;2;5;7;5;3;3;;;;;;;;;;;;;;21;34;37;24;20;10;36;26;31;21;20;11;;
3015000;"Powiat nowotomyski";;;;;;;;;;;;;74;76;65;63;60;61;68;69;67;54;60;53;;;;;;;;;;;;;;13;9;7;7;7;7;9;8;9;3;4;7;;;;;;;;;;;;;;77;86;80;64;79;67;75;69;76;67;77;56;;
3016000;"Powiat obornicki";;;;;;;;;;;;;43;24;36;34;21;26;27;38;39;23;27;21;;;;;;;;;;;;;;7;5;11;10;2;13;8;4;7;3;5;4;;;;;;;;;;;;;;47;30;42;36;24;24;25;45;46;28;34;29;;
3017000;"Powiat ostrowski";;;;;;;;;;;;;140;136;145;116;88;83;81;106;280;156;149;135;;;;;;;;;;;;;;23;18;12;11;14;10;16;12;17;13;10;6;;;;;;;;;;;;;;174;176;196;149;94;90;87;129;342;193;177;164;;
3018000;"Powiat ostrzeszowski";;;;;;;;;;;;;63;49;43;52;39;47;36;36;36;31;29;29;;;;;;;;;;;;;;12;9;5;11;6;4;16;7;7;5;7;5;;;;;;;;;;;;;;77;52;47;63;55;46;27;38;34;34;29;33;;
3019000;"Powiat pilski";;;;;;;;;;;;;122;128;116;108;75;84;56;50;42;34;34;38;;;;;;;;;;;;;;24;6;14;14;8;19;12;12;9;5;9;8;;;;;;;;;;;;;;156;188;168;132;95;120;66;56;50;34;39;36;;
3020000;"Powiat pleszewski";;;;;;;;;;;;;93;100;83;93;87;74;76;59;79;71;45;44;;;;;;;;;;;;;;9;6;10;8;7;4;3;11;12;7;7;0;;;;;;;;;;;;;;125;123;89;107;98;91;93;62;86;81;51;51;;
3021000;"Powiat poznański";;;;;;;;;;;;;310;174;207;197;187;242;535;503;462;365;271;314;;;;;;;;;;;;;;33;18;23;34;25;18;25;22;28;21;21;32;;;;;;;;;;;;;;410;226;250;236;233;311;684;655;573;464;331;357;;
3022000;"Powiat rawicki";;;;;;;;;;;;;86;83;73;67;75;57;40;64;89;71;63;57;;;;;;;;;;;;;;5;7;2;2;1;5;2;5;6;5;5;2;;;;;;;;;;;;;;110;91;94;85;86;66;53;72;103;78;71;73;;
3023000;"Powiat słupecki";;;;;;;;;;;;;52;38;36;47;42;41;52;53;71;41;49;40;;;;;;;;;;;;;;5;10;6;13;3;4;3;3;4;2;2;4;;;;;;;;;;;;;;69;45;43;42;50;49;62;57;85;43;72;50;;
3024000;"Powiat szamotulski";;;;;;;;;;;;;75;51;46;44;28;30;49;51;57;53;43;42;;;;;;;;;;;;;;13;15;11;8;6;7;20;12;8;10;10;14;;;;;;;;;;;;;;98;59;54;49;29;30;56;50;71;58;45;39;;
3025000;"Powiat średzki";;;;;;;;;;;;;93;63;72;38;32;32;68;65;80;76;73;62;;;;;;;;;;;;;;15;9;8;6;6;8;14;8;2;6;8;9;;;;;;;;;;;;;;123;69;81;42;29;31;75;84;113;90;82;76;;
3026000;"Powiat śremski";;;;;;;;;;;;;22;21;32;29;33;32;37;42;43;34;19;14;;;;;;;;;;;;;;4;6;2;5;4;5;6;3;4;3;3;2;;;;;;;;;;;;;;22;19;32;31;40;30;34;51;46;38;23;17;;
3027000;"Powiat turecki";;;;;;;;;;;;;69;53;49;43;36;35;34;20;59;62;40;28;;;;;;;;;;;;;;13;15;7;6;6;13;11;11;12;13;6;4;;;;;;;;;;;;;;74;61;49;47;37;26;36;18;55;63;51;32;;
3028000;"Powiat wągrowiecki";;;;;;;;;;;;;42;34;30;39;29;30;42;45;42;36;33;29;;;;;;;;;;;;;;10;6;4;4;3;5;7;2;5;4;2;1;;;;;;;;;;;;;;42;34;32;39;28;28;42;47;48;35;31;32;;
3029000;"Powiat wolsztyński";;;;;;;;;;;;;38;35;34;29;28;27;26;29;37;32;37;28;;;;;;;;;;;;;;7;1;4;3;3;3;7;1;4;1;9;2;;;;;;;;;;;;;;38;37;32;30;30;27;23;29;49;44;34;33;;
3030000;"Powiat wrzesiński";;;;;;;;;;;;;55;51;64;50;66;60;55;43;88;53;46;29;;;;;;;;;;;;;;9;7;6;6;6;10;7;11;8;7;6;3;;;;;;;;;;;;;;63;57;79;55;85;64;65;48;103;54;44;30;;
3031000;"Powiat złotowski";;;;;;;;;;;;;49;43;54;28;44;43;39;39;46;26;39;31;;;;;;;;;;;;;;12;8;8;6;6;3;11;7;6;8;8;5;;;;;;;;;;;;;;54;39;59;32;49;41;39;38;50;21;39;28;;
3061000;"Powiat m. Kalisz";;;;;;;;;;;;;53;59;48;58;48;50;50;88;147;69;51;41;;;;;;;;;;;;;;3;4;4;3;2;2;5;5;5;3;4;3;;;;;;;;;;;;;;60;67;54;62;56;52;48;95;171;75;58;43;;
3062000;"Powiat m. Konin";;;;;;;;;;;;;84;73;92;77;65;58;41;64;117;89;89;65;;;;;;;;;;;;;;4;7;4;6;4;2;4;3;4;3;2;5;;;;;;;;;;;;;;100;81;111;86;76;68;51;68;132;95;102;80;;
3063000;"Powiat m. Leszno";;;;;;;;;;;;;83;65;85;126;104;92;97;101;120;66;56;49;;;;;;;;;;;;;;4;2;2;4;0;5;1;1;1;0;1;1;;;;;;;;;;;;;;98;73;98;161;129;109;112;110;137;72;66;51;;
3064000;"Powiat m. Poznań";;;;;;;;;;;;;480;378;352;298;306;429;896;866;940;624;477;555;;;;;;;;;;;;;;26;21;20;16;14;12;20;26;15;16;14;17;;;;;;;;;;;;;;558;406;393;339;330;521;1049;1001;1064;707;548;629;;
3200000;"ZACHODNIOPOMORSKIE";;2445;2174;2179;2057;2034;1875;1771;1937;1860;1818;1485;1544;1407;1503;1418;1298;1332;1232;1182;1221;927;946;881;;328;329;249;250;243;235;236;233;229;244;206;151;170;131;155;147;125;149;120;129;129;101;95;75;;3373;2985;2763;2715;2551;2683;2357;2173;2410;2342;2237;1802;1885;1744;1812;1717;1470;1608;1435;1357;1406;1012;1093;993;;
3201000;"Powiat białogardzki";;;;;;;;;;;;;17;31;42;26;23;21;23;19;17;11;19;13;;;;;;;;;;;;;;1;8;7;7;0;7;2;6;2;2;0;3;;;;;;;;;;;;;;18;45;53;41;28;30;28;17;17;12;23;13;;
3202000;"Powiat choszczeński";;;;;;;;;;;;;44;48;41;32;21;35;18;22;37;22;36;19;;;;;;;;;;;;;;3;3;3;7;8;10;3;2;6;1;6;1;;;;;;;;;;;;;;50;64;59;41;16;43;21;29;45;23;43;21;;
3203000;"Powiat drawski";;;;;;;;;;;;;40;44;37;25;34;26;36;36;35;33;26;32;;;;;;;;;;;;;;12;9;13;3;6;6;1;6;11;1;6;4;;;;;;;;;;;;;;53;46;37;29;35;31;41;41;35;35;23;32;;
3204000;"Powiat goleniowski";;;;;;;;;;;;;48;40;53;35;60;62;43;71;61;42;51;37;;;;;;;;;;;;;;18;5;11;11;8;12;7;14;6;4;3;4;;;;;;;;;;;;;;65;54;67;40;69;72;52;81;82;41;67;43;;
3205000;"Powiat gryficki";;;;;;;;;;;;;42;28;35;30;25;42;34;32;34;25;15;15;;;;;;;;;;;;;;5;4;14;10;5;13;7;7;3;6;4;2;;;;;;;;;;;;;;62;41;41;27;32;69;36;42;43;38;27;16;;
3206000;"Powiat gryfiński";;;;;;;;;;;;;59;48;44;32;37;49;27;29;60;60;63;64;;;;;;;;;;;;;;8;6;6;8;13;6;6;7;7;4;7;9;;;;;;;;;;;;;;75;71;56;32;33;70;33;53;76;80;86;86;;
3207000;"Powiat kamieński";;;;;;;;;;;;;42;48;35;35;36;40;37;42;32;32;23;35;;;;;;;;;;;;;;7;6;8;9;10;11;3;6;3;7;10;3;;;;;;;;;;;;;;65;73;45;64;50;44;57;52;42;33;26;40;;
3208000;"Powiat kołobrzeski";;;;;;;;;;;;;101;98;112;119;108;122;98;77;63;51;45;46;;;;;;;;;;;;;;16;7;3;9;5;9;16;13;9;4;5;6;;;;;;;;;;;;;;138;127;138;161;123;137;114;84;66;55;43;44;;
3209000;"Powiat koszaliński";;;;;;;;;;;;;44;41;49;46;30;42;30;28;26;28;23;24;;;;;;;;;;;;;;8;10;13;9;10;6;9;6;8;12;5;6;;;;;;;;;;;;;;54;53;77;59;35;62;42;32;29;29;27;26;;
3210000;"Powiat myśliborski";;;;;;;;;;;;;57;48;54;55;57;39;44;40;36;38;36;29;;;;;;;;;;;;;;11;6;7;7;6;2;10;7;5;7;6;5;;;;;;;;;;;;;;70;58;64;68;64;46;62;55;37;50;39;33;;
3211000;"Powiat policki";;;;;;;;;;;;;37;23;31;36;28;24;21;27;26;35;30;32;;;;;;;;;;;;;;5;8;3;4;1;3;2;2;3;6;2;2;;;;;;;;;;;;;;42;20;34;42;35;28;20;30;27;31;36;39;;
3212000;"Powiat pyrzycki";;;;;;;;;;;;;24;22;17;20;15;19;18;16;15;12;11;13;;;;;;;;;;;;;;8;6;3;4;8;6;3;3;2;4;1;3;;;;;;;;;;;;;;27;26;17;23;14;31;22;15;18;9;12;17;;
3213000;"Powiat sławieński";;;;;;;;;;;;;47;46;35;28;24;44;27;29;32;19;26;29;;;;;;;;;;;;;;12;7;9;12;4;9;7;10;7;3;2;8;;;;;;;;;;;;;;55;72;45;20;24;53;32;36;34;22;39;34;;
3214000;"Powiat stargardzki";;;;;;;;;;;;;54;58;83;80;36;68;57;63;61;31;53;30;;;;;;;;;;;;;;14;12;14;16;5;13;9;9;8;2;7;1;;;;;;;;;;;;;;64;95;101;123;40;82;62;63;87;35;59;35;;
3215000;"Powiat szczecinecki";;;;;;;;;;;;;49;28;47;33;32;58;41;56;39;45;37;22;;;;;;;;;;;;;;6;2;6;1;7;2;6;6;4;3;2;0;;;;;;;;;;;;;;61;41;55;41;32;72;42;65;37;47;39;28;;
3216000;"Powiat świdwiński";;;;;;;;;;;;;32;23;29;25;20;32;16;20;17;26;18;14;;;;;;;;;;;;;;8;2;5;4;4;9;2;0;3;6;2;2;;;;;;;;;;;;;;41;27;33;28;20;32;25;21;17;24;18;15;;
3217000;"Powiat wałecki";;;;;;;;;;;;;64;50;54;50;44;56;46;44;39;45;28;16;;;;;;;;;;;;;;9;8;10;4;4;11;7;4;12;11;7;4;;;;;;;;;;;;;;77;56;67;65;50;74;49;46;39;42;26;13;;
3218000;"Powiat łobeski";;;;;;;;;;;;;22;21;22;25;28;22;16;23;23;21;18;25;;;;;;;;;;;;;;2;5;2;1;2;3;2;5;5;5;3;7;;;;;;;;;;;;;;26;27;29;28;35;26;16;23;27;20;22;21;;
3261000;"Powiat m. Koszalin";;;;;;;;;;;;;47;54;33;37;35;33;30;25;38;25;23;23;;;;;;;;;;;;;;3;7;1;4;3;1;3;1;3;1;5;2;;;;;;;;;;;;;;51;53;43;41;34;37;27;27;39;26;22;23;;
3262000;"Powiat m. Szczecin";;;;;;;;;;;;;654;584;630;620;556;455;514;438;496;299;341;344;;;;;;;;;;;;;;13;10;16;17;15;10;10;12;19;10;9;3;;;;;;;;;;;;;;762;668;731;711;647;525;593;494;573;334;394;392;;
3263000;"Powiat m. Świnoujście";;;;;;;;;;;;;20;24;20;29;49;43;56;45;34;27;24;19;;;;;;;;;;;;;;1;0;1;0;1;0;5;3;3;2;3;0;;;;;;;;;;;;;;29;27;20;33;54;44;61;51;36;26;22;22;;
