IdSource,IdTarget,Weight,Type
frod,sams,533,undirected
frod,ganda,181,undirected
merr,pipp,162,undirected
arag,frod,146,undirected
frod,goll,127,undirected
bilb,frod,126,undirected
ganda,pipp,124,undirected
arag,ganda,123,undirected
goll,sams,118,undirected
frod,pipp,115,undirected
frod,ring,110,undirected
gimli,lego,109,undirected
frod,shir,104,undirected
pipp,sams,101,undirected
frod,merr,86,undirected
arag,lego,84,undirected
arag,sams,75,undirected
arag,gimli,73,undirected
ganda,saru,72,undirected
boro,frod,68,undirected
ganda,ring,67,undirected
arag,merr,65,undirected
arag,pipp,64,undirected
arag,boro,63,undirected
isen,saru,63,undirected
merr,sams,63,undirected
arag,elro,59,undirected
ring,saur,59,undirected
ganda,theod,57,undirected
fara,frod,55,undirected
mord,saur,55,undirected
bilb,ganda,54,undirected
ganda,gimli,54,undirected
arag,gond,52,undirected
gond,roha,52,undirected
ganda,sams,51,undirected
arag,eome,50,undirected
sams,shir,50,undirected
arag,roha,49,undirected
bilb,shir,49,undirected
ganda,shir,49,undirected
frod,mord,48,undirected
ring,sams,46,undirected
elve,frod,45,undirected
frod,rive,45,undirected
ganda,gond,45,undirected
ganda,isen,45,undirected
ganda,lego,45,undirected
elro,ganda,44,undirected
elve,sams,43,undirected
ents,treeb,42,undirected
ganda,sfax,42,undirected
arag,orcs,41,undirected
bage,frod,41,undirected
ganda,merr,41,undirected
pipp,shir,41,undirected
andu,gond,40,undirected
arag,comp,40,undirected
dene,ganda,40,undirected
hobb,shir,40,undirected
elro,frod,39,undirected
ganda,saur,39,undirected
gond,saur,38,undirected
bree,shir,37,undirected
fara,gond,37,undirected
ganda,mord,37,undirected
ganda,roha,37,undirected
arag,tiri,36,undirected
bilb,sams,36,undirected
eome,theod,36,undirected
fara,ganda,36,undirected
ganda,mori,36,undirected
dene,pipp,35,undirected
orth,saru,35,undirected
arag,mord,34,undirected
comp,frod,34,undirected
frod,gimli,34,undirected
frod,orcs,34,undirected
ganda,treeb,34,undirected
merr,shir,34,undirected
mord,sams,34,undirected
boro,ganda,33,undirected
ganda,orth,33,undirected
arag,saur,32,undirected
arag,theod,32,undirected
roha,saru,32,undirected
arag,fara,31,undirected
arag,ring,30,undirected
bilb,ring,30,undirected
boro,comp,30,undirected
boro,pipp,30,undirected
boro,ring,30,undirected
gond,pipp,30,undirected
pipp,orcs,30,undirected
roha,theod,30,undirected
arag,arat,29,undirected
dene,fara,29,undirected
ring,shir,29,undirected
arag,elen,28,undirected
arag,rive,28,undirected
boro,gond,28,undirected
frod,lego,28,undirected
merr,treeb,28,undirected
saru,saur,28,undirected
arag,bree,27,undirected
arag,shir,27,undirected
bere,pipp,27,undirected
boro,dene,27,undirected
boro,fara,27,undirected
boro,tiri,27,undirected
dene,gond,27,undirected
elro,ring,27,undirected
elro,rive,27,undirected
eome,roha,27,undirected
fara,sams,27,undirected
lego,merr,27,undirected
arag,arwe,26,undirected
bilb,goll,26,undirected
boro,sams,26,undirected
comp,ganda,26,undirected
dwar,elve,26,undirected
fara,pipp,26,undirected
frod,saur,26,undirected
gimli,merr,26,undirected
isen,roha,26,undirected
mord,ring,26,undirected
bree,frod,25,undirected
elen,gond,25,undirected
elen,isil,25,undirected
frod,gond,25,undirected
frod,nazg,25,undirected
frod,tiri,25,undirected
pipp,treeb,25,undirected
saru,theod,25,undirected
arag,saru,24,undirected
elve,shir,24,undirected
eome,eowy,24,undirected
eome,ganda,24,undirected
frod,tomb,24,undirected
ganda,rive,24,undirected
gimli,gloi,24,undirected
gond,isil,24,undirected
pipp,roha,24,undirected
arwe,elro,23,undirected
elve,lego,23,undirected
gond,mord,23,undirected
sams,orcs,23,undirected
bage,bilb,22,undirected
elve,ganda,22,undirected
eowy,merr,22,undirected
goll,mord,22,undirected
gond,tiri,22,undirected
isen,orth,22,undirected
lego,pipp,22,undirected
merr,orcs,22,undirected
mord,orcs,22,undirected
mord,saru,22,undirected
ring,saru,22,undirected
saru,treeb,22,undirected
bage,sams,21,undirected
bill,sams,21,undirected
cele,gala,21,undirected
comp,lego,21,undirected
frod,lori,21,undirected
gimli,treeb,21,undirected
goll,ring,21,undirected
gond,theod,21,undirected
isen,orcs,21,undirected
elve,gimli,20,undirected
ganda,goll,20,undirected
gimli,pipp,20,undirected
gond,osgi,20,undirected
saur,orcs,20,undirected
arag,isil,19,undirected
bilb,elro,19,undirected
boro,merr,19,undirected
boro,orcs,19,undirected
elro,elve,19,undirected
elve,saur,19,undirected
fara,goll,19,undirected
frod,hton,19,undirected
gimli,sams,19,undirected
gond,shir,19,undirected
lego,sams,19,undirected
merr,roha,19,undirected
merr,theod,19,undirected
arag,elve,18,undirected
arag,lori,18,undirected
arag,treeb,18,undirected
bere,fara,18,undirected
dwar,gimli,18,undirected
dwar,mori,18,undirected
eowy,fara,18,undirected
fara,roha,18,undirected
frod,gala,18,undirected
goll,orcs,18,undirected
grim,saru,18,undirected
hton,shir,18,undirected
lego,orcs,18,undirected
lego,treeb,18,undirected
arag,goll,17,undirected
comp,gimli,17,undirected
dene,tiri,17,undirected
ents,isen,17,undirected
eome,gond,17,undirected
frod,morg,17,undirected
ganda,orcs,17,undirected
ganda,tiri,17,undirected
gond,ring,17,undirected
isen,merr,17,undirected
isen,pipp,17,undirected
isen,treeb,17,undirected
merr,saru,17,undirected
mord,roha,17,undirected
mord,tiri,17,undirected
rive,shir,17,undirected
roha,saur,17,undirected
sams,saur,17,undirected
saru,orcs,17,undirected
arag,bilb,16,undirected
arag,eowy,16,undirected
bage,shir,16,undirected
boro,lego,16,undirected
dwar,orcs,16,undirected
edor,ganda,16,undirected
elve,hobb,16,undirected
frod,mori,16,undirected
gala,lori,16,undirected
ganda,grim,16,undirected
gber,tomb,16,undirected
gond,saru,16,undirected
hton,sams,16,undirected
isil,saur,16,undirected
lori,sams,16,undirected
pipp,tiri,16,undirected
arag,mori,15,undirected
bere,ganda,15,undirected
comp,pipp,15,undirected
comp,ring,15,undirected
comp,sams,15,undirected
elro,saur,15,undirected
elve,gond,15,undirected
elve,lori,15,undirected
ents,pipp,15,undirected
eome,merr,15,undirected
eowy,roha,15,undirected
frod,saru,15,undirected
gond,merr,15,undirected
gond,sams,15,undirected
isil,ring,15,undirected
pipp,saru,15,undirected
rive,sams,15,undirected
roha,shir,15,undirected
roha,treeb,15,undirected
sams,shel,15,undirected
treeb,orcs,15,undirected
andu,saur,14,undirected
bilb,rive,14,undirected
boro,gimli,14,undirected
duri,gimli,14,undirected
edor,theod,14,undirected
elen,saur,14,undirected
elro,gala,14,undirected
elro,sams,14,undirected
eowy,theod,14,undirected
gala,sams,14,undirected
gimli,roha,14,undirected
goll,saur,14,undirected
gond,morg,14,undirected
isen,mord,14,undirected
isen,saur,14,undirected
pipp,sfax,14,undirected
ring,rive,14,undirected
roha,orcs,14,undirected
arag,isen,13,undirected
bilb,hobb,13,undirected
bilb,hton,13,undirected
bilb,merr,13,undirected
boro,isil,13,undirected
comp,mori,13,undirected
dtow,saur,13,undirected
edor,roha,13,undirected
elen,nume,13,undirected
elro,shir,13,undirected
eome,gimli,13,undirected
eome,lego,13,undirected
eome,orcs,13,undirected
eome,saru,13,undirected
eorl,theod,13,undirected
frod,gild,13,undirected
frod,glorf,13,undirected
ganda,nazg,13,undirected
isen,theod,13,undirected
mord,morg,13,undirected
mori,saur,13,undirected
nume,saur,13,undirected
pipp,ring,13,undirected
ring,tiri,13,undirected
saur,tiri,13,undirected
arag,gala,12,undirected
arag,orth,12,undirected
bere,dene,12,undirected
bilb,elve,12,undirected
bilb,pipp,12,undirected
bree,ganda,12,undirected
bree,hobb,12,undirected
bree,merr,12,undirected
dtow,mord,12,undirected
duri,dwar,12,undirected
duri,mori,12,undirected
dwar,ganda,12,undirected
elve,rive,12,undirected
ents,merr,12,undirected
ents,saru,12,undirected
eorl,gond,12,undirected
eowy,gond,12,undirected
fara,tiri,12,undirected
gimli,mori,12,undirected
gimli,orcs,12,undirected
gimli,saru,12,undirected
gond,isen,12,undirected
gond,nume,12,undirected
merr,ring,12,undirected
roha,tiri,12,undirected
saur,shir,12,undirected
andu,mord,11,undirected
andu,roha,11,undirected
arag,dene,11,undirected
bage,ganda,11,undirected
bage,hton,11,undirected
bali,mori,11,undirected
boro,mord,11,undirected
bree,sams,11,undirected
ents,ganda,11,undirected
frod,roha,11,undirected
gala,ganda,11,undirected
helm,theod,11,undirected
lego,roha,11,undirected
mord,pipp,11,undirected
rive,saur,11,undirected
roha,sfax,11,undirected
thor,thra,11,undirected
andu,frod,10,undirected
arag,edor,10,undirected
arag,glorf,10,undirected
arwe,lori,10,undirected
bere,gond,10,undirected
boro,mori,10,undirected
boro,roha,10,undirected
elro,glorf,10,undirected
elro,gond,10,undirected
elro,lori,10,undirected
elve,gala,10,undirected
fara,morg,10,undirected
frod,hobb,10,undirected
frod,loth,10,undirected
ganda,thor,10,undirected
isen,ring,10,undirected
merr,rive,10,undirected
mord,shir,10,undirected
morg,sams,10,undirected
mori,orcs,10,undirected
mori,ring,10,undirected
sams,tomb,10,undirected
saru,shir,10,undirected
andu,arag,9,undirected
arag,sfax,9,undirected
bage,pipp,9,undirected
bill,frod,9,undirected
comp,elve,9,undirected
comp,tiri,9,undirected
dtow,frod,9,undirected
duri,ganda,9,undirected
dwar,saur,9,undirected
edor,eome,9,undirected
elen,elro,9,undirected
elve,loth,9,undirected
elve,mord,9,undirected
elve,treeb,9,undirected
eorl,roha,9,undirected
frod,gloi,9,undirected
frod,hald,9,undirected
gimli,saur,9,undirected
gloi,lego,9,undirected
gond,orcs,9,undirected
gorb,sams,9,undirected
grim,theod,9,undirected
isil,mord,9,undirected
isil,nume,9,undirected
lego,loth,9,undirected
lori,rive,9,undirected
merr,tiri,9,undirected
mord,osgi,9,undirected
morg,osgi,9,undirected
morg,saur,9,undirected
nazg,sams,9,undirected
orth,roha,9,undirected
orth,treeb,9,undirected
ring,orcs,9,undirected
ring,tomb,9,undirected
sams,tiri,9,undirected
andu,elve,8,undirected
andu,ganda,8,undirected
andu,orcs,8,undirected
andu,osgi,8,undirected
arag,dwar,8,undirected
arat,elen,8,undirected
boro,elro,8,undirected
boro,rive,8,undirected
comp,orcs,8,undirected
dene,theod,8,undirected
dwar,thra,8,undirected
elen,ring,8,undirected
elro,mord,8,undirected
elro,pipp,8,undirected
elve,nume,8,undirected
elve,orcs,8,undirected
elve,roha,8,undirected
fara,isil,8,undirected
fara,ring,8,undirected
frod,mdoo,8,undirected
frod,shel,8,undirected
frod,theod,8,undirected
ganda,hobb,8,undirected
ganda,hton,8,undirected
ganda,isil,8,undirected
hald,lego,8,undirected
lori,orcs,8,undirected
mdoo,sams,8,undirected
nazg,pipp,8,undirected
nazg,shir,8,undirected
sfax,theod,8,undirected
arag,ents,7,undirected
arag,gloi,7,undirected
arag,hobb,7,undirected
arat,isil,7,undirected
boro,saru,7,undirected
boro,saur,7,undirected
bree,rive,7,undirected
cele,elve,7,undirected
cele,lori,7,undirected
comp,hald,7,undirected
comp,merr,7,undirected
dene,frod,7,undirected
dene,isil,7,undirected
dene,mord,7,undirected
dene,saur,7,undirected
duri,thor,7,undirected
dwar,gloi,7,undirected
dwar,hobb,7,undirected
dwar,shir,7,undirected
edor,helm,7,undirected
edor,isen,7,undirected
elro,gimli,7,undirected
elro,isil,7,undirected
elro,lego,7,undirected
elro,merr,7,undirected
elve,mori,7,undirected
ents,orth,7,undirected
eome,grim,7,undirected
frod,isen,7,undirected
frod,isil,7,undirected
gala,gimli,7,undirected
gala,lego,7,undirected
gala,ring,7,undirected
gala,rive,7,undirected
ganda,morg,7,undirected
gimli,mord,7,undirected
goll,morg,7,undirected
goll,shir,7,undirected
grim,roha,7,undirected
helm,isen,7,undirected
hobb,roha,7,undirected
isen,lego,7,undirected
isil,tiri,7,undirected
lego,ring,7,undirected
lego,saur,7,undirected
mori,sams,7,undirected
orth,saur,7,undirected
andu,eorl,6,undirected
andu,isil,6,undirected
andu,ring,6,undirected
andu,shir,6,undirected
arag,cele,6,undirected
arag,eorl,6,undirected
arag,loth,6,undirected
arag,morg,6,undirected
arat,elro,6,undirected
arwe,frod,6,undirected
arwe,rive,6,undirected
bage,merr,6,undirected
bali,ganda,6,undirected
boro,elen,6,undirected
boro,treeb,6,undirected
bree,pipp,6,undirected
cele,comp,6,undirected
cele,elro,6,undirected
comp,gond,6,undirected
comp,rive,6,undirected
dtow,ring,6,undirected
dwar,frod,6,undirected
dwar,ring,6,undirected
dwar,thor,6,undirected
elen,frod,6,undirected
elen,ganda,6,undirected
elro,eome,6,undirected
elro,gloi,6,undirected
elro,roha,6,undirected
elve,ents,6,undirected
elve,gloi,6,undirected
elve,hald,6,undirected
ents,orcs,6,undirected
ents,roha,6,undirected
eome,eorl,6,undirected
eome,helm,6,undirected
eome,isen,6,undirected
eome,mord,6,undirected
eome,pipp,6,undirected
eome,tiri,6,undirected
eorl,saru,6,undirected
eowy,ganda,6,undirected
fara,orcs,6,undirected
fara,osgi,6,undirected
fara,theod,6,undirected
gala,loth,6,undirected
gala,saur,6,undirected
ganda,gloi,6,undirected
gimli,isen,6,undirected
gimli,tiri,6,undirected
goll,shel,6,undirected
gond,lego,6,undirected
gond,orth,6,undirected
gond,rive,6,undirected
helm,lego,6,undirected
helm,saru,6,undirected
lego,lori,6,undirected
lego,sfax,6,undirected
lori,saur,6,undirected
merr,tomb,6,undirected
mord,rive,6,undirected
mord,theod,6,undirected
orth,pipp,6,undirected
pipp,saur,6,undirected
ring,roha,6,undirected
saru,tiri,6,undirected
shir,thor,6,undirected
shir,tiri,6,undirected
andu,hobb,5,undirected
andu,lego,5,undirected
andu,lori,5,undirected
andu,sams,5,undirected
arag,bere,5,undirected
arag,bill,5,undirected
arag,nume,5,undirected
arwe,gond,5,undirected
bilb,thor,5,undirected
bill,bree,5,undirected
boro,lori,5,undirected
bree,dwar,5,undirected
bree,ring,5,undirected
bree,roha,5,undirected
comp,elro,5,undirected
comp,fara,5,undirected
comp,gala,5,undirected
dene,osgi,5,undirected
dene,roha,5,undirected
dtow,ganda,5,undirected
dtow,sams,5,undirected
duri,saur,5,undirected
duri,thra,5,undirected
dwar,lego,5,undirected
edor,gond,5,undirected
edor,saru,5,undirected
elen,elve,5,undirected
elen,mord,5,undirected
elen,orth,5,undirected
elen,rive,5,undirected
elve,fara,5,undirected
elve,gild,5,undirected
elve,goll,5,undirected
elve,pipp,5,undirected
elve,ring,5,undirected
ents,lego,5,undirected
ents,theod,5,undirected
eome,fara,5,undirected
eorl,ganda,5,undirected
fara,lori,5,undirected
fara,merr,5,undirected
fara,mord,5,undirected
fara,nume,5,undirected
frod,gber,5,undirected
frod,osgi,5,undirected
frod,sfax,5,undirected
gala,shir,5,undirected
ganda,gild,5,undirected
ganda,glorf,5,undirected
ganda,helm,5,undirected
gild,pipp,5,undirected
gild,sams,5,undirected
gild,shir,5,undirected
gimli,gond,5,undirected
gimli,theod,5,undirected
gloi,ring,5,undirected
gloi,saur,5,undirected
glorf,ring,5,undirected
glorf,rive,5,undirected
goll,hobb,5,undirected
goll,isil,5,undirected
goll,lori,5,undirected
grim,isen,5,undirected
helm,roha,5,undirected
hton,merr,5,undirected
isen,shir,5,undirected
isen,tiri,5,undirected
lego,theod,5,undirected
lori,mori,5,undirected
merr,orth,5,undirected
morg,tiri,5,undirected
mori,shir,5,undirected
mori,thra,5,undirected
orth,theod,5,undirected
osgi,saur,5,undirected
pipp,rive,5,undirected
ring,thor,5,undirected
ring,thra,5,undirected
shir,tomb,5,undirected
theod,treeb,5,undirected
andu,isen,4,undirected
andu,pipp,4,undirected
andu,saru,4,undirected
andu,tiri,4,undirected
arag,bali,4,undirected
arag,helm,4,undirected
arag,nazg,4,undirected
arag,shel,4,undirected
arat,ganda,4,undirected
arat,gond,4,undirected
arat,theod,4,undirected
arwe,gala,4,undirected
arwe,ring,4,undirected
arwe,saur,4,undirected
bage,ring,4,undirected
bali,frod,4,undirected
bali,gimli,4,undirected
bali,gloi,4,undirected
bere,boro,4,undirected
bere,roha,4,undirected
bilb,dwar,4,undirected
bilb,gild,4,undirected
bilb,gloi,4,undirected
bilb,saru,4,undirected
bilb,saur,4,undirected
boro,isen,4,undirected
boro,nume,4,undirected
boro,osgi,4,undirected
bree,tomb,4,undirected
cele,gond,4,undirected
cele,treeb,4,undirected
comp,dene,4,undirected
comp,goll,4,undirected
comp,lori,4,undirected
comp,loth,4,undirected
comp,mord,4,undirected
dene,ring,4,undirected
dene,saru,4,undirected
dene,shir,4,undirected
dtow,gond,4,undirected
dtow,orcs,4,undirected
dtow,saru,4,undirected
dwar,lori,4,undirected
edor,merr,4,undirected
edor,sfax,4,undirected
elen,eome,4,undirected
elro,fara,4,undirected
elro,goll,4,undirected
elro,mori,4,undirected
elro,nume,4,undirected
elro,saru,4,undirected
elve,glorf,4,undirected
elve,isil,4,undirected
elve,tiri,4,undirected
ents,saur,4,undirected
eorl,helm,4,undirected
eorl,orcs,4,undirected
eowy,saru,4,undirected
frod,gorb,4,undirected
gala,treeb,4,undirected
ganda,loth,4,undirected
gimli,hald,4,undirected
gimli,ring,4,undirected
gimli,rive,4,undirected
gimli,sfax,4,undirected
gloi,mori,4,undirected
goll,gond,4,undirected
goll,osgi,4,undirected
goll,saru,4,undirected
gond,helm,4,undirected
gond,hobb,4,undirected
gond,mori,4,undirected
grim,orth,4,undirected
grim,sfax,4,undirected
hald,lori,4,undirected
helm,orcs,4,undirected
hobb,rive,4,undirected
hobb,sams,4,undirected
hton,pipp,4,undirected
hton,ring,4,undirected
lego,mord,4,undirected
lego,tiri,4,undirected
lori,mord,4,undirected
loth,rive,4,undirected
loth,sams,4,undirected
mdoo,mord,4,undirected
mdoo,saur,4,undirected
mord,orth,4,undirected
morg,roha,4,undirected
mori,thor,4,undirected
nazg,ring,4,undirected
orth,orcs,4,undirected
osgi,tiri,4,undirected
ring,shel,4,undirected
ring,treeb,4,undirected
rive,tiri,4,undirected
saur,shel,4,undirected
saur,theod,4,undirected
shir,orcs,4,undirected
thor,orcs,4,undirected
thra,orcs,4,undirected
tiri,orcs,4,undirected
andu,bere,3,undirected
andu,boro,3,undirected
andu,bree,3,undirected
andu,cele,3,undirected
andu,dene,3,undirected
andu,elen,3,undirected
andu,gimli,3,undirected
andu,merr,3,undirected
andu,nume,3,undirected
arag,hald,3,undirected
arat,lego,3,undirected
arat,roha,3,undirected
arwe,cele,3,undirected
arwe,sams,3,undirected
arwe,theod,3,undirected
arwe,tiri,3,undirected
bali,ring,3,undirected
bali,thor,3,undirected
bali,thra,3,undirected
bere,comp,3,undirected
bere,mord,3,undirected
bilb,bree,3,undirected
bilb,gala,3,undirected
bilb,orcs,3,undirected
bill,comp,3,undirected
bill,ganda,3,undirected
bill,merr,3,undirected
boro,loth,3,undirected
boro,shir,3,undirected
bree,elro,3,undirected
bree,gond,3,undirected
bree,isen,3,undirected
bree,saru,3,undirected
cele,ganda,3,undirected
cele,rive,3,undirected
cele,tiri,3,undirected
comp,dtow,3,undirected
comp,isil,3,undirected
comp,roha,3,undirected
comp,saru,3,undirected
comp,saur,3,undirected
dene,lori,3,undirected
dene,morg,3,undirected
dene,sams,3,undirected
dene,sfax,3,undirected
dtow,isen,3,undirected
duri,gloi,3,undirected
duri,ring,3,undirected
dwar,roha,3,undirected
edor,eorl,3,undirected
edor,gimli,3,undirected
edor,lego,3,undirected
edor,shir,3,undirected
edor,tiri,3,undirected
elen,fara,3,undirected
elen,osgi,3,undirected
elro,eowy,3,undirected
elro,loth,3,undirected
elro,morg,3,undirected
elro,orcs,3,undirected
elro,theod,3,undirected
elro,tiri,3,undirected
elve,nazg,3,undirected
elve,tomb,3,undirected
ents,frod,3,undirected
ents,gimli,3,undirected
eome,gloi,3,undirected
eome,morg,3,undirected
eome,ring,3,undirected
eome,saur,3,undirected
eome,shir,3,undirected
eorl,orth,3,undirected
eorl,saur,3,undirected
eorl,sfax,3,undirected
eowy,saur,3,undirected
fara,rive,3,undirected
fara,saur,3,undirected
frod,grim,3,undirected
frod,nume,3,undirected
frod,orth,3,undirected
gala,tomb,3,undirected
ganda,lori,3,undirected
ganda,nume,3,undirected
ganda,thra,3,undirected
ganda,tomb,3,undirected
gimli,helm,3,undirected
gimli,loth,3,undirected
glorf,sams,3,undirected
goll,lego,3,undirected
goll,nazg,3,undirected
goll,pipp,3,undirected
goll,roha,3,undirected
gond,sfax,3,undirected
grim,orcs,3,undirected
hald,loth,3,undirected
hobb,merr,3,undirected
isen,sfax,3,undirected
isil,osgi,3,undirected
isil,rive,3,undirected
isil,sams,3,undirected
isil,saru,3,undirected
isil,shir,3,undirected
lego,mori,3,undirected
lego,saru,3,undirected
lori,loth,3,undirected
lori,ring,3,undirected
loth,mori,3,undirected
loth,saur,3,undirected
mdoo,ring,3,undirected
merr,mord,3,undirected
merr,nazg,3,undirected
merr,saur,3,undirected
mord,mori,3,undirected
mord,nume,3,undirected
mord,shel,3,undirected
morg,nazg,3,undirected
morg,ring,3,undirected
morg,shel,3,undirected
mori,rive,3,undirected
nazg,saru,3,undirected
nume,orth,3,undirected
nume,ring,3,undirected
nume,roha,3,undirected
orth,ring,3,undirected
osgi,roha,3,undirected
ring,theod,3,undirected
rive,roha,3,undirected
roha,sams,3,undirected
roha,shel,3,undirected
sams,saru,3,undirected
saru,sfax,3,undirected
saur,thor,3,undirected
saur,thra,3,undirected
saur,treeb,3,undirected
sfax,shir,3,undirected
shel,orcs,3,undirected
shir,theod,3,undirected
theod,orcs,3,undirected
theod,tiri,3,undirected
tiri,treeb,3,undirected
andu,dwar,2,undirected
andu,elro,2,undirected
andu,fara,2,undirected
andu,goll,2,undirected
andu,orth,2,undirected
arag,osgi,2,undirected
arat,arwe,2,undirected
arat,frod,2,undirected
arat,gimli,2,undirected
arat,mord,2,undirected
arat,ring,2,undirected
arwe,bilb,2,undirected
arwe,edor,2,undirected
arwe,elen,2,undirected
arwe,elve,2,undirected
arwe,eome,2,undirected
arwe,fara,2,undirected
arwe,ganda,2,undirected
arwe,goll,2,undirected
arwe,loth,2,undirected
arwe,mord,2,undirected
bage,rive,2,undirected
bali,bilb,2,undirected
bali,boro,2,undirected
bali,comp,2,undirected
bali,duri,2,undirected
bali,lego,2,undirected
bali,rive,2,undirected
bali,shir,2,undirected
bere,eorl,2,undirected
bere,orcs,2,undirected
bere,osgi,2,undirected
bere,shir,2,undirected
bere,tiri,2,undirected
bilb,boro,2,undirected
bilb,gond,2,undirected
bilb,isil,2,undirected
bilb,lego,2,undirected
bilb,nazg,2,undirected
bilb,tiri,2,undirected
bill,shir,2,undirected
boro,cele,2,undirected
boro,elve,2,undirected
boro,gala,2,undirected
boro,goll,2,undirected
boro,orth,2,undirected
boro,theod,2,undirected
bree,duri,2,undirected
bree,elve,2,undirected
bree,orcs,2,undirected
bree,saur,2,undirected
bree,thor,2,undirected
cele,dwar,2,undirected
cele,gimli,2,undirected
cele,hald,2,undirected
cele,loth,2,undirected
cele,saur,2,undirected
cele,shir,2,undirected
comp,orth,2,undirected
comp,theod,2,undirected
dene,elen,2,undirected
dene,elro,2,undirected
dene,elve,2,undirected
dene,eorl,2,undirected
dene,goll,2,undirected
dene,isen,2,undirected
dene,merr,2,undirected
dene,shel,2,undirected
dtow,elro,2,undirected
dtow,fara,2,undirected
dtow,morg,2,undirected
dtow,orth,2,undirected
dtow,pipp,2,undirected
dtow,rive,2,undirected
duri,gond,2,undirected
duri,lego,2,undirected
duri,orcs,2,undirected
duri,shir,2,undirected
dwar,eorl,2,undirected
dwar,gond,2,undirected
dwar,hald,2,undirected
dwar,rive,2,undirected
edor,elro,2,undirected
edor,eowy,2,undirected
edor,fara,2,undirected
edor,frod,2,undirected
edor,grim,2,undirected
elen,eorl,2,undirected
elen,gala,2,undirected
elen,gimli,2,undirected
elen,pipp,2,undirected
elen,saru,2,undirected
elen,theod,2,undirected
elen,tiri,2,undirected
elro,osgi,2,undirected
elve,isen,2,undirected
elve,merr,2,undirected
elve,morg,2,undirected
ents,hobb,2,undirected
ents,sams,2,undirected
eome,frod,2,undirected
eome,sfax,2,undirected
eome,treeb,2,undirected
eorl,eowy,2,undirected
eorl,grim,2,undirected
eorl,isen,2,undirected
eorl,mord,2,undirected
eowy,grim,2,undirected
eowy,helm,2,undirected
eowy,lego,2,undirected
fara,gala,2,undirected
fara,mori,2,undirected
fara,shel,2,undirected
fara,shir,2,undirected
frod,thor,2,undirected
gala,gloi,2,undirected
gala,hald,2,undirected
gala,merr,2,undirected
gala,morg,2,undirected
gala,pipp,2,undirected
gala,saru,2,undirected
gala,tiri,2,undirected
ganda,mdoo,2,undirected
ganda,osgi,2,undirected
gimli,isil,2,undirected
gimli,orth,2,undirected
gimli,thra,2,undirected
gloi,glorf,2,undirected
gloi,rive,2,undirected
gloi,roha,2,undirected
gloi,saru,2,undirected
gloi,thor,2,undirected
glorf,merr,2,undirected
glorf,pipp,2,undirected
glorf,saur,2,undirected
goll,mori,2,undirected
goll,theod,2,undirected
goll,tiri,2,undirected
gond,lori,2,undirected
gond,shel,2,undirected
gond,thor,2,undirected
gorb,morg,2,undirected
gorb,orcs,2,undirected
grim,merr,2,undirected
grim,pipp,2,undirected
grim,treeb,2,undirected
hald,mori,2,undirected
hald,rive,2,undirected
hald,sams,2,undirected
helm,sfax,2,undirected
helm,treeb,2,undirected
hobb,hton,2,undirected
hobb,mori,2,undirected
hobb,orcs,2,undirected
hobb,pipp,2,undirected
hobb,ring,2,undirected
hton,nazg,2,undirected
hton,rive,2,undirected
hton,roha,2,undirected
hton,sfax,2,undirected
isen,mdoo,2,undirected
isen,nazg,2,undirected
isen,nume,2,undirected
isen,osgi,2,undirected
isen,sams,2,undirected
lego,rive,2,undirected
lori,osgi,2,undirected
lori,pipp,2,undirected
lori,roha,2,undirected
lori,shel,2,undirected
lori,shir,2,undirected
lori,theod,2,undirected
loth,shir,2,undirected
loth,tiri,2,undirected
mdoo,tiri,2,undirected
mord,tomb,2,undirected
mord,treeb,2,undirected
morg,nume,2,undirected
morg,orcs,2,undirected
mori,tiri,2,undirected
nazg,orth,2,undirected
nazg,rive,2,undirected
nazg,roha,2,undirected
nazg,saur,2,undirected
nazg,sfax,2,undirected
nazg,tomb,2,undirected
orth,osgi,2,undirected
orth,sfax,2,undirected
orth,shir,2,undirected
orth,tiri,2,undirected
pipp,theod,2,undirected
pipp,tomb,2,undirected
rive,orcs,2,undirected
rive,sfax,2,undirected
rive,tomb,2,undirected
sams,theod,2,undirected
shel,theod,2,undirected
andu,arwe,1,undirected
andu,bilb,1,undirected
andu,comp,1,undirected
andu,dtow,1,undirected
andu,ents,1,undirected
andu,gala,1,undirected
andu,hald,1,undirected
andu,helm,1,undirected
andu,loth,1,undirected
andu,mdoo,1,undirected
andu,morg,1,undirected
andu,rive,1,undirected
andu,theod,1,undirected
andu,thor,1,undirected
andu,thra,1,undirected
andu,treeb,1,undirected
arag,bage,1,undirected
arag,duri,1,undirected
arag,grim,1,undirected
arag,thor,1,undirected
arag,tomb,1,undirected
arat,bree,1,undirected
arat,comp,1,undirected
arat,dwar,1,undirected
arat,edor,1,undirected
arat,elve,1,undirected
arat,eome,1,undirected
arat,fara,1,undirected
arat,gloi,1,undirected
arat,hald,1,undirected
arat,helm,1,undirected
arat,lori,1,undirected
arat,loth,1,undirected
arat,mori,1,undirected
arat,nume,1,undirected
arat,orcs,1,undirected
arat,rive,1,undirected
arat,sfax,1,undirected
arwe,dene,1,undirected
arwe,glorf,1,undirected
arwe,roha,1,undirected
arwe,shel,1,undirected
bage,bree,1,undirected
bage,dwar,1,undirected
bage,elro,1,undirected
bage,elve,1,undirected
bage,mori,1,undirected
bage,nazg,1,undirected
bage,roha,1,undirected
bage,saru,1,undirected
bage,sfax,1,undirected
bali,dwar,1,undirected
bali,loth,1,undirected
bali,merr,1,undirected
bali,pipp,1,undirected
bali,sams,1,undirected
bere,dwar,1,undirected
bere,eome,1,undirected
bere,frod,1,undirected
bere,helm,1,undirected
bere,isen,1,undirected
bere,morg,1,undirected
bere,nazg,1,undirected
bere,orth,1,undirected
bere,saru,1,undirected
bere,saur,1,undirected
bere,sfax,1,undirected
bilb,comp,1,undirected
bilb,elen,1,undirected
bilb,fara,1,undirected
bilb,gimli,1,undirected
bilb,lori,1,undirected
bilb,mord,1,undirected
bilb,mori,1,undirected
bilb,nume,1,undirected
bilb,tomb,1,undirected
bill,boro,1,undirected
bill,gimli,1,undirected
bill,mori,1,undirected
bill,pipp,1,undirected
bill,rive,1,undirected
bill,tiri,1,undirected
bill,tomb,1,undirected
boro,dtow,1,undirected
boro,eome,1,undirected
boro,eorl,1,undirected
boro,gloi,1,undirected
boro,helm,1,undirected
boro,hobb,1,undirected
boro,morg,1,undirected
bree,hton,1,undirected
bree,isil,1,undirected
cele,dtow,1,undirected
cele,elen,1,undirected
cele,frod,1,undirected
cele,glorf,1,undirected
cele,lego,1,undirected
cele,merr,1,undirected
cele,mori,1,undirected
cele,osgi,1,undirected
cele,pipp,1,undirected
cele,sams,1,undirected
cele,theod,1,undirected
comp,edor,1,undirected
comp,elen,1,undirected
comp,eome,1,undirected
comp,grim,1,undirected
comp,isen,1,undirected
comp,mdoo,1,undirected
comp,nazg,1,undirected
comp,shir,1,undirected
comp,treeb,1,undirected
dene,dtow,1,undirected
dene,edor,1,undirected
dene,eome,1,undirected
dene,mori,1,undirected
dene,nume,1,undirected
dene,orcs,1,undirected
dene,treeb,1,undirected
dtow,elen,1,undirected
dtow,elve,1,undirected
dtow,gala,1,undirected
dtow,glorf,1,undirected
dtow,goll,1,undirected
dtow,gorb,1,undirected
dtow,isil,1,undirected
dtow,lego,1,undirected
dtow,lori,1,undirected
dtow,mdoo,1,undirected
dtow,mori,1,undirected
dtow,nazg,1,undirected
dtow,nume,1,undirected
dtow,tiri,1,undirected
duri,elro,1,undirected
duri,gala,1,undirected
duri,helm,1,undirected
duri,lori,1,undirected
duri,merr,1,undirected
duri,mord,1,undirected
duri,pipp,1,undirected
duri,rive,1,undirected
duri,roha,1,undirected
duri,tiri,1,undirected
dwar,eowy,1,undirected
dwar,fara,1,undirected
dwar,goll,1,undirected
dwar,grim,1,undirected
dwar,helm,1,undirected
dwar,isen,1,undirected
dwar,isil,1,undirected
dwar,loth,1,undirected
dwar,sfax,1,undirected
dwar,tiri,1,undirected
dwar,tomb,1,undirected
edor,ents,1,undirected
edor,hobb,1,undirected
edor,lori,1,undirected
edor,mord,1,undirected
edor,orcs,1,undirected
edor,pipp,1,undirected
edor,rive,1,undirected
edor,saur,1,undirected
elen,eowy,1,undirected
elen,grim,1,undirected
elen,hobb,1,undirected
elen,isen,1,undirected
elen,lego,1,undirected
elen,merr,1,undirected
elen,mori,1,undirected
elen,orcs,1,undirected
elen,roha,1,undirected
elen,sfax,1,undirected
elen,shir,1,undirected
elro,ents,1,undirected
elro,gild,1,undirected
elro,helm,1,undirected
elro,hton,1,undirected
elro,isen,1,undirected
elro,mdoo,1,undirected
elro,nazg,1,undirected
elro,orth,1,undirected
elro,tomb,1,undirected
elro,treeb,1,undirected
elve,gorb,1,undirected
elve,hton,1,undirected
elve,osgi,1,undirected
elve,saru,1,undirected
elve,shel,1,undirected
elve,theod,1,undirected
elve,thor,1,undirected
elve,thra,1,undirected
ents,eorl,1,undirected
ents,fara,1,undirected
ents,gala,1,undirected
ents,gloi,1,undirected
ents,goll,1,undirected
ents,gond,1,undirected
ents,grim,1,undirected
ents,helm,1,undirected
ents,lori,1,undirected
ents,loth,1,undirected
ents,mord,1,undirected
ents,mori,1,undirected
ents,nazg,1,undirected
ents,rive,1,undirected
ents,shel,1,undirected
ents,shir,1,undirected
ents,tiri,1,undirected
ents,tomb,1,undirected
eome,hobb,1,undirected
eome,lori,1,undirected
eome,orth,1,undirected
eome,osgi,1,undirected
eome,rive,1,undirected
eome,sams,1,undirected
eorl,gimli,1,undirected
eorl,lego,1,undirected
eorl,tiri,1,undirected
eorl,treeb,1,undirected
eowy,gimli,1,undirected
eowy,mord,1,undirected
eowy,nume,1,undirected
eowy,orcs,1,undirected
eowy,ring,1,undirected
eowy,rive,1,undirected
eowy,shir,1,undirected
fara,hobb,1,undirected
fara,nazg,1,undirected
fara,sfax,1,undirected
fara,treeb,1,undirected
frod,helm,1,undirected
frod,treeb,1,undirected
gala,gild,1,undirected
gala,glorf,1,undirected
gala,gond,1,undirected
gala,helm,1,undirected
gala,mord,1,undirected
gala,mori,1,undirected
gala,nazg,1,undirected
gala,orcs,1,undirected
gala,roha,1,undirected
gala,theod,1,undirected
gber,ring,1,undirected
gild,merr,1,undirected
gild,nazg,1,undirected
gild,osgi,1,undirected
gild,rive,1,undirected
gild,tomb,1,undirected
gimli,glorf,1,undirected
gimli,grim,1,undirected
gimli,hobb,1,undirected
gimli,lori,1,undirected
gimli,mdoo,1,undirected
gimli,thor,1,undirected
gloi,goll,1,undirected
gloi,isen,1,undirected
gloi,isil,1,undirected
gloi,loth,1,undirected
gloi,shir,1,undirected
gloi,thra,1,undirected
gloi,treeb,1,undirected
glorf,gond,1,undirected
glorf,lego,1,undirected
glorf,lori,1,undirected
glorf,loth,1,undirected
glorf,nazg,1,undirected
glorf,saru,1,undirected
glorf,shir,1,undirected
glorf,theod,1,undirected
glorf,tiri,1,undirected
glorf,tomb,1,undirected
goll,merr,1,undirected
goll,nume,1,undirected
goll,thor,1,undirected
goll,treeb,1,undirected
gond,grim,1,undirected
gond,loth,1,undirected
gond,mdoo,1,undirected
gond,treeb,1,undirected
gorb,mord,1,undirected
gorb,ring,1,undirected
gorb,shel,1,undirected
grim,helm,1,undirected
grim,hobb,1,undirected
grim,sams,1,undirected
grim,shir,1,undirected
hald,hobb,1,undirected
hald,merr,1,undirected
hald,pipp,1,undirected
hald,saur,1,undirected
helm,merr,1,undirected
helm,nazg,1,undirected
helm,orth,1,undirected
helm,pipp,1,undirected
helm,shir,1,undirected
hobb,orth,1,undirected
hobb,saur,1,undirected
hobb,sfax,1,undirected
hobb,theod,1,undirected
hobb,thra,1,undirected
hobb,tiri,1,undirected
hobb,treeb,1,undirected
hton,tomb,1,undirected
hton,treeb,1,undirected
isen,lori,1,undirected
isen,morg,1,undirected
isen,mori,1,undirected
isen,rive,1,undirected
isen,tomb,1,undirected
isil,lego,1,undirected
isil,morg,1,undirected
isil,mori,1,undirected
isil,orcs,1,undirected
isil,orth,1,undirected
isil,pipp,1,undirected
isil,theod,1,undirected
isil,thra,1,undirected
lego,thor,1,undirected
lori,mdoo,1,undirected
lori,merr,1,undirected
lori,saru,1,undirected
lori,tiri,1,undirected
lori,tomb,1,undirected
lori,treeb,1,undirected
loth,mdoo,1,undirected
loth,nazg,1,undirected
loth,ring,1,undirected
loth,tomb,1,undirected
loth,treeb,1,undirected
mdoo,morg,1,undirected
mdoo,osgi,1,undirected
mdoo,rive,1,undirected
mdoo,roha,1,undirected
mdoo,saru,1,undirected
merr,mori,1,undirected
merr,nume,1,undirected
merr,osgi,1,undirected
merr,sfax,1,undirected
merr,shel,1,undirected
mord,nazg,1,undirected
mord,sfax,1,undirected
morg,saru,1,undirected
morg,theod,1,undirected
mori,nazg,1,undirected
mori,pipp,1,undirected
mori,saru,1,undirected
mori,sfax,1,undirected
mori,tomb,1,undirected
mori,treeb,1,undirected
nazg,nume,1,undirected
nazg,orcs,1,undirected
nazg,osgi,1,undirected
nume,osgi,1,undirected
nume,rive,1,undirected
nume,sams,1,undirected
nume,saru,1,undirected
nume,tiri,1,undirected
orth,rive,1,undirected
orth,sams,1,undirected
osgi,orcs,1,undirected
osgi,sams,1,undirected
osgi,saru,1,undirected
osgi,shel,1,undirected
pipp,shel,1,undirected
ring,sfax,1,undirected
rive,saru,1,undirected
rive,thor,1,undirected
rive,treeb,1,undirected
sams,sfax,1,undirected
sams,treeb,1,undirected
saru,thor,1,undirected
saur,tomb,1,undirected
sfax,orcs,1,undirected
sfax,tiri,1,undirected
shel,shir,1,undirected
shel,tiri,1,undirected
shir,thra,1,undirected
shir,treeb,1,undirected
